true_values,predictions,probabilities
0,0,0.31332023618150784
1,1,0.5739843460162014
0,1,0.5991288404722548
1,1,0.5790894701918184
1,1,0.7898872233717404
0,0,0.4420580360571053
0,0,0.2735042991121856
0,0,0.3005299879540409
1,1,0.5060941886580099
1,1,0.7615278086687861
0,0,0.35010073584686957
1,1,0.7185820655228529
1,0,0.42135616491914746
1,0,0.38821865932844063
1,1,0.6848831787587176
0,1,0.5064892061201473
0,0,0.39503504003209355
1,1,0.7829083979004945
1,1,0.6021411799563456
0,0,0.4380448956168109
0,0,0.4920792138690874
0,1,0.6315486185085806
1,1,0.5864971924830589
0,0,0.49948127697200234
1,1,0.662133683992501
1,1,0.553592760069958
1,1,0.6014737673953806
0,0,0.17338973733398094
1,1,0.7029927059489479
1,1,0.700359588519748
1,1,0.6389280126606437
0,0,0.3258434022945471
0,0,0.43273926610769886
1,0,0.49223151604233656
1,0,0.39140587550594097
0,0,0.44723220908455497
1,0,0.3057123665837037
1,0,0.4640986080016693
0,0,0.22627790397933503
1,0,0.4144986829338808
1,1,0.5596836798241833
0,0,0.4179715401255919
0,0,0.42040815069741483
1,1,0.7952107876791983
1,1,0.6582762113715996
0,1,0.5842634471625403
0,0,0.49669992445708344
1,1,0.5225345762436987
0,0,0.1848724394553104
1,1,0.7067726637804994
0,0,0.377097139757148
0,0,0.3298584129984769
1,1,0.5192865328679591
0,0,0.28264802338058165
1,1,0.769338715359187
0,1,0.5138278112758559
1,1,0.6147465231109837
1,1,0.7630507234741407
0,1,0.5909650913711142
1,1,0.7159845739723195
0,0,0.42778433661540716
1,1,0.6893233496784645
0,0,0.43387278118113864
1,0,0.485745385664059
1,1,0.7213066212601226
0,1,0.5260683836903799
1,1,0.6247553596468343
0,0,0.24546644961491354
1,1,0.7503610108909001
0,0,0.47847647737203064
1,1,0.7330633719625458
1,1,0.6816105892661976
1,1,0.7005687964159166
1,1,0.6605891536265716
1,1,0.5745791884828497
1,0,0.4715712105735525
0,0,0.3285653724022813
0,0,0.36583470689619974
1,1,0.6792432467324706
1,1,0.5008138743105753
1,0,0.4278195125926473
0,0,0.32865086431237095
1,1,0.6561773986203626
1,1,0.6595551625246873
0,0,0.2358207704544429
1,1,0.5751528793408243
1,0,0.43617105941298534
1,0,0.3890984209929131
0,0,0.303426081063805
1,1,0.5623757434311828
1,1,0.6534562718094502
1,0,0.4918383035423093
1,1,0.6347444776170055
0,0,0.43594786531868374
0,1,0.5449144131068087
0,0,0.15969850467748972
1,0,0.2510608180843849
1,1,0.756688848913723
0,0,0.28728153557833114
0,0,0.2916617641198254
0,0,0.4666675539178336
1,1,0.7361369204032441
0,0,0.22712829377543842
1,1,0.7582502394771741
1,1,0.6136840232000843
1,1,0.7149680199921943
0,0,0.18193037293899011
1,1,0.7346633719625457
1,1,0.6825209242125435
1,1,0.5827575291793969
1,1,0.7924101008688939
1,1,0.6395545446205779
1,1,0.8055657984021245
1,1,0.6642832862351508
1,1,0.6576498812980435
0,0,0.28245110591843053
1,1,0.6240444952497023
0,0,0.3746270061520749
1,0,0.3648028803385925
1,1,0.5363562436296117
1,1,0.6432226196175062
0,0,0.27203337449233306
1,1,0.5226917529040237
0,1,0.5551034466227821
0,0,0.412670334840536
1,0,0.29662508353547
0,0,0.43711667555465844
1,1,0.6288954076299752
1,1,0.6261032669534485
1,1,0.6054070189837397
0,0,0.33759398580844113
1,1,0.6507512608230555
0,0,0.32101015657969223
1,1,0.681699572853131
1,1,0.6042280491556
1,1,0.8218128749474499
0,0,0.41146458619693027
1,1,0.7566946824085893
1,1,0.7423945622460564
0,0,0.197579768109644
0,1,0.6218810934249231
1,1,0.7503865496924731
1,1,0.7536523216821339
0,0,0.30617624211679106
1,1,0.5192033089338804
1,0,0.4489674753003309
1,1,0.7132806572823762
1,0,0.3437988175280077
1,1,0.7819123516025616
1,1,0.5199638194571204
1,0,0.41137804484110235
1,1,0.6649798767538749
1,0,0.480043880843063
1,1,0.5788037639848336
0,0,0.30679098635983915
1,1,0.8099976967073147
1,0,0.43183637494897215
0,1,0.5083948276864976
0,0,0.3588124604387779
1,1,0.6903712084220381
1,0,0.2750178299629998
1,1,0.6319797321202344
1,1,0.5538995642142607
0,0,0.2998475091484217
1,1,0.7661460151073288
1,1,0.5405529627416741
1,1,0.6417354155854282
1,1,0.5362873737897967
1,1,0.7043498776042355
0,1,0.6145244563881284
0,0,0.3674653846239796
0,0,0.3963745428723694
1,1,0.7781130937176477
0,1,0.591220699820573
0,0,0.2943246388236249
0,0,0.4725190925986482
0,0,0.320053025771955
0,0,0.3886307560263555
0,0,0.33014304822200397
1,0,0.4676635561405439
0,0,0.19292793903007435
1,1,0.5801277663470671
1,1,0.6877057709633153
0,0,0.3938377111626143
1,1,0.7444709991143026
0,0,0.43891408369721513
1,1,0.5971780936408488
1,1,0.6564114218834928
0,0,0.18957863935339803
1,1,0.5876997208008743
0,0,0.4671430485079084
1,0,0.4794121742455629
1,1,0.7229746630919084
0,0,0.49357082119155943
1,1,0.5769306456156794
1,1,0.7417966519856611
1,0,0.4513703611024905
0,0,0.33008290061245565
0,0,0.36643536361864476
1,0,0.45562398140247473
0,0,0.48542954420822837
1,1,0.5679494805271176
1,1,0.6937971734027373
1,0,0.46427722165408847
1,1,0.5245288422074104
0,0,0.400809990803709
0,1,0.6562500214141086
1,1,0.7433160388276376
0,0,0.28457350571000517
0,0,0.3874857835915104
0,0,0.49112916734899165
1,0,0.43906041816377317
1,1,0.7446425152543228
0,0,0.49864179955730703
1,1,0.5145833792410551
0,0,0.46068577736210903
1,1,0.6347412003066843
0,0,0.430722466019362
1,1,0.5972214544469616
0,0,0.31716417994901047
0,0,0.4069007165829007
0,0,0.3048876767036026
0,0,0.3418746525279666
1,1,0.57711210884367
1,0,0.4679385371053257
0,0,0.3979029441644743
1,0,0.3918933819011719
1,1,0.6582479790785238
1,1,0.691489611428821
0,0,0.4615665837244303
0,0,0.48761528265919574
0,0,0.41967785033733973
0,0,0.42539723536961765
1,1,0.5472276140740459
0,0,0.1486301999290643
1,1,0.5204103901051136
0,0,0.3466508222401242
1,1,0.7274638030623675
0,0,0.15668056350074616
0,0,0.4133766889518386
1,1,0.5042037083314843
1,1,0.6245521400841831
1,0,0.446139348365903
0,0,0.3419038159220549
1,1,0.715037205518579
1,1,0.7783843835556368
1,1,0.6609320896052931
0,0,0.39831007655548184
0,0,0.39034668139856377
1,1,0.6817206212994726
1,1,0.5895506981295244
0,1,0.5523666939566189
0,0,0.4074741231668079
0,0,0.2633964072241206
0,1,0.5186075177134163
1,1,0.5395228806746125
0,0,0.37710205091216387
0,0,0.3490651262587766
1,0,0.43609050232796115
1,1,0.5693538968259046
1,1,0.5606293732213158
1,1,0.6145269224625639
0,0,0.3083767527611685
1,1,0.7221972113078725
0,0,0.4809252137253324
1,0,0.4686319653786573
1,1,0.8208559679989164
0,0,0.440633823528661
1,1,0.5781034833837645
1,1,0.5252132296080907
1,1,0.7053736573596747
0,0,0.14898114303132423
0,0,0.3831544346455102
1,1,0.6750770838226304
0,0,0.4712207665029415
1,0,0.4652775085937904
1,1,0.7374806363644548
1,1,0.546066792533231
1,1,0.5685134799650389
1,1,0.6898382974693628
1,1,0.700933758490623
1,1,0.6327956346619713
1,0,0.371979594713458
0,0,0.3523077787381634
1,1,0.7000815643599239
1,1,0.7453953733528365
1,1,0.731805691313877
1,1,0.5636823447410226
0,1,0.5658738170235561
1,1,0.691083465205524
1,1,0.5718935984709875
1,0,0.47415003277685847
0,0,0.37198487455148593
0,0,0.3789382378075568
1,1,0.6478630147483844
1,0,0.309763407509913
1,1,0.6079953793764626
0,0,0.451326764018225
1,0,0.45680334613514467
0,0,0.3523896000712676
1,1,0.7391516376770927
0,0,0.3734492622147544
1,1,0.6824525139576975
0,0,0.14809887352816486
1,1,0.7245918603770656
1,1,0.6453726432135933
1,1,0.6378478572818093
1,1,0.7292875750912227
1,0,0.4165600950313092
1,1,0.7068915013306732
0,0,0.33105813677027585
1,1,0.7478824870889191
1,1,0.7226637682668892
0,1,0.539643369130527
1,1,0.7654748230512471
0,0,0.23928050716959892
1,1,0.7321847769585169
1,1,0.7133888378027341
1,1,0.5806834968434507
1,1,0.6982346003843659
1,1,0.6163407095274008
1,1,0.6447954477105091
1,0,0.4104801007218194
0,0,0.3822816180285862
1,1,0.8026435634390688
0,0,0.3636192142916117
1,0,0.4292501653204046
1,1,0.6953473969469967
0,0,0.43322978366181053
0,0,0.250064294917293
0,0,0.3897508200926628
1,1,0.7574049818464113
0,0,0.49289548272989575
0,0,0.4498539304059647
1,1,0.5668804408376592
1,1,0.6413669026892562
1,0,0.44346448797550353
0,0,0.34417487120201434
0,0,0.4854982239339363
0,0,0.2875784871178511
0,0,0.3148480092218885
0,1,0.5173051920450805
1,0,0.47906493872914596
0,1,0.5463286767109418
1,1,0.5903571427633222
1,1,0.738472929596648
0,0,0.4546615247373812
0,0,0.4187582588128274
1,1,0.7954779391623683
1,1,0.6238445027213491
1,0,0.4840885801179595
0,0,0.45601209284217936
0,0,0.39283724539630277
1,1,0.6601821835635253
1,1,0.6089267642534723
1,1,0.7578095646614739
0,0,0.3790252161848653
1,1,0.6688737079901168
0,0,0.43750432126860317
0,0,0.36159411176069756
0,1,0.5580762568174469
1,0,0.4187691108645133
0,1,0.520234267879199
1,0,0.4969964777962218
1,1,0.6464247867655091
1,1,0.7063531571408805
0,1,0.5134070664047641
0,1,0.5319157694572256
0,0,0.49696153937549803
0,0,0.47439414082824016
1,0,0.44115395306922733
1,1,0.5255646234033609
1,1,0.5489148146900069
1,1,0.777125133622068
0,0,0.31730100387355026
0,0,0.3652273329834289
0,0,0.41318892473969643
1,1,0.763946116691823
1,1,0.691265720369539
0,1,0.5468569312043491
0,0,0.41242831629938825
0,1,0.5868158593700109
0,0,0.3440399611075574
1,1,0.5808150508145921
1,1,0.5805394560190513
1,1,0.6854103315978735
1,0,0.44800031853650474
1,1,0.7288602332308937
1,1,0.7012747000792783
1,1,0.6541885534972974
0,0,0.27660591614236385
0,1,0.5837691394485064
0,0,0.3289767286022295
1,1,0.5863278283792361
1,1,0.5730726233411123
0,0,0.28756926417966594
1,1,0.5796556671899613
0,1,0.5805869652828841
1,1,0.7270301091687004
1,0,0.4018738102294255
0,0,0.3692037998305508
1,1,0.5458065036170927
0,0,0.36141713101873
0,0,0.4883980935048421
0,0,0.16704419796139214
1,1,0.578318200142199
1,1,0.5458417349690696
1,1,0.6264432682260661
1,0,0.4848272383144159
0,0,0.42437641054180864
1,0,0.3756057834491103
0,0,0.35445329586192564
1,1,0.6933906739325353
0,0,0.30736525901891953
0,0,0.35196807121932944
0,0,0.37809657157614945
0,0,0.4351246426474237
0,0,0.33337826036040513
1,1,0.5481858035514162
0,0,0.3411590954680279
0,0,0.40659430278924696
1,1,0.7409260499661114
1,1,0.7167133285627169
1,1,0.6825267599535781
1,0,0.49179505852901445
1,0,0.44589456811469136
1,1,0.6193955652241052
0,0,0.41028721571836274
1,1,0.720884114117372
0,0,0.4314444890168895
0,0,0.32259471571410026
1,1,0.5850021003875668
0,0,0.43304330309740197
0,1,0.5377429464201956
1,1,0.7520598413044471
0,1,0.5329202507906886
1,1,0.5113285580238864
1,0,0.4223341081254368
1,1,0.6761715937205414
0,0,0.3152543658162866
1,0,0.45590538555993587
0,0,0.4225724931476429
1,1,0.729577364978494
1,1,0.5337503285557067
1,1,0.6955523471147754
0,1,0.5966694531580115
1,1,0.699777855790248
1,0,0.351316792491088
0,0,0.4135370826355239
1,1,0.6395562353659171
0,0,0.23549619742734174
1,1,0.6719370835715153
0,0,0.39200630038864376
0,0,0.2500816198828823
1,1,0.6763188112402083
0,0,0.2849019807697432
1,1,0.562661948763887
1,1,0.5431092325180753
1,0,0.4827592893946828
1,1,0.7139491907122728
0,0,0.4211565772870476
0,1,0.5495095887078447
0,0,0.3280868843913936
1,1,0.5073636492748469
0,0,0.38219331387114264
0,0,0.33438910929824467
1,1,0.7579374321923156
0,0,0.3182119135779853
0,0,0.2499714789787558
1,1,0.731490282716241
0,1,0.5311367245249525
0,1,0.5584477506908957
0,0,0.42036608691091565
0,0,0.43568541756242185
1,1,0.6096806084646678
1,1,0.7215123837916768
1,1,0.6966947557541259
0,0,0.33543548033841203
1,1,0.6893921224182163
0,0,0.42597137312391686
0,0,0.4380849127599646
0,0,0.32878677929113864
1,0,0.4356028859494097
1,1,0.6635026560430626
0,0,0.4476093613579939
0,0,0.2597311691845435
1,1,0.5965789454649486
1,1,0.6914522684118475
0,0,0.30133792343196764
1,1,0.7458122250690776
1,1,0.7272006422228633
1,1,0.6212754957754246
0,1,0.5800139572780294
1,0,0.4366373789645817
1,0,0.34192059442473083
0,0,0.4301976245607632
0,0,0.40253202473116817
1,1,0.6877115338796105
1,1,0.6598025299614725
0,0,0.4520661844684834
0,1,0.5125309949433149
0,0,0.2522261722169319
1,1,0.7492130347619381
0,0,0.2963748415272665
1,0,0.3931953566420043
1,1,0.7107092088155088
1,0,0.4080962888516308
1,1,0.6748020347808594
1,1,0.7820069387921368
1,1,0.596871969420134
1,1,0.7749242475209056
1,1,0.6205831095312266
0,0,0.41683190269195647
1,1,0.6563605764479967
1,1,0.5398676508410066
0,0,0.3896844935158202
1,1,0.5809023552341854
0,0,0.29916023179478307
1,1,0.7019958269235717
0,0,0.26412826123980027
1,1,0.6670657594498821
0,0,0.16932253058635957
1,1,0.7217268401523134
1,0,0.39049032348253826
0,0,0.41515152597531246
0,0,0.40248555423581983
0,0,0.43311655345455924
1,1,0.7217350878464539
1,0,0.43417525104362575
0,0,0.4214764726088467
0,0,0.31043455065766784
1,1,0.5401073391255792
0,0,0.3181181560624112
1,1,0.6775554594265162
0,0,0.4993066092118994
0,1,0.500104446752691
1,1,0.5565580520706004
1,1,0.7258776609105915
1,1,0.7244594282777237
0,0,0.4060471703060145
0,0,0.35634805621726484
0,0,0.47482282412400634
0,0,0.3790959033612428
1,1,0.6917444401417672
0,0,0.36610915177310666
1,1,0.6529624386717522
0,0,0.33786267276294574
0,0,0.46604839930493563
0,0,0.29902683851536405
0,0,0.31663250958643224
0,0,0.3593189658553093
0,0,0.4518038317617985
1,0,0.4464094811733079
1,1,0.7215309866738383
1,0,0.4290460111609002
1,0,0.3132956720603044
0,0,0.4926809349984168
0,0,0.47748573048230725
0,0,0.4010913398287347
1,1,0.6520321969893323
0,1,0.500715812357169
1,1,0.5938746920007845
0,0,0.4141271635646543
0,1,0.5447479748990733
0,0,0.25338800070030404
0,0,0.2689460108819081
0,0,0.46966496877646563
0,0,0.29165218618279865
0,0,0.4582999425595096
1,1,0.6936885571961625
0,0,0.444798259725411
1,1,0.5464922538875036
1,1,0.6495311793260042
0,0,0.3912180631520159
0,0,0.28464181634358005
0,0,0.40106489855002453
1,0,0.4498462598724792
1,1,0.6331059582820386
0,0,0.44317109522976644
1,0,0.4205701486158735
0,0,0.2783755467812407
1,1,0.8102380223816513
1,1,0.5850544891847889
1,1,0.6837598612410057
0,0,0.4583823744163791
1,1,0.5653390783570187
1,0,0.483823959429089
1,0,0.4869441670161413
0,1,0.6136153437982016
1,1,0.7398584186458786
1,1,0.6129126708455018
0,1,0.5320664066074791
1,0,0.353107404158273
1,1,0.6213336227077374
0,0,0.4699184215994148
1,1,0.8334710522964509
0,1,0.5957826100809863
1,1,0.7426226364905198
1,1,0.5241508757709746
1,1,0.5561451692085697
1,1,0.755326721548601
1,1,0.736393167537259
0,1,0.6052140131225947
1,1,0.6903548921812519
1,1,0.7623041337865274
1,0,0.39979469814901264
1,1,0.5801460335733201
0,0,0.3809450026630526
0,1,0.7537399901591927
0,0,0.10444836880350193
1,1,0.7805867410290839
0,0,0.40907880408515546
1,0,0.42713796376296215
1,0,0.4964882746012206
1,1,0.5459702435119607
0,0,0.30600740817495153
1,0,0.3196995317874378
1,1,0.796958123138115
1,1,0.5451306111491373
1,1,0.8099007112221857
0,1,0.5374544987830058
1,0,0.4392488241881287
0,0,0.3073117990825085
0,0,0.3011075397375134
1,1,0.6089442527394668
1,1,0.5767963912272883
1,1,0.5064602474677448
0,0,0.3278991704131156
1,1,0.650947365123963
1,1,0.5050215938588776
0,0,0.2683588662747117
1,1,0.6080446297018545
0,0,0.2659078608274167
1,1,0.5607206424662576
0,0,0.33495184748753215
0,0,0.3505580572223973
0,0,0.21495955744663045
1,1,0.507574500286764
1,0,0.3636645840201977
1,1,0.6907172840281842
0,0,0.3789225787820263
1,1,0.6501080230154977
1,1,0.8096251822002908
1,1,0.5557381279022948
0,0,0.30131923043472614
0,0,0.4302267308441092
1,0,0.48336539641967974
1,1,0.6969816414954694
0,0,0.2901313157205518
1,1,0.6899810461258578
1,1,0.651094461132955
1,1,0.6368596183433395
1,1,0.6252650129601219
1,0,0.4338479672775433
1,1,0.6427038152462926
0,0,0.43847002132604684
1,1,0.7016833856750094
1,1,0.5514381100610248
1,1,0.7425281357773973
0,0,0.3853622193777759
0,0,0.42528855360308243
0,0,0.4314103045589701
0,1,0.514960044113123
1,1,0.5400442343958363
0,1,0.5049202990982969
0,0,0.4383924647324149
1,1,0.6658345607479186
0,0,0.3984997928326767
1,0,0.45704170225438273
1,1,0.7189547666700271
0,0,0.3584041876406171
1,1,0.6565281245231496
1,1,0.6129329671892482
1,1,0.5706937039321772
1,0,0.3897531771232659
1,0,0.4786474900358399
1,0,0.4829134468264879
1,0,0.4156085476381764
0,0,0.47054193191194527
1,1,0.7489155127489636
1,1,0.7968565965409428
0,0,0.4814299481639178
0,0,0.14575383162103406
1,1,0.6165876053445626
1,1,0.6726727587491443
0,0,0.4114952159447619
1,1,0.6593909483587419
0,1,0.6749206151759075
1,0,0.384669077865099
0,0,0.4283774340706917
0,0,0.2863642227239776
1,1,0.635059863631437
1,1,0.6503147382671867
1,1,0.6370300330765434
0,0,0.2595922089743005
1,1,0.682560907356688
1,1,0.79969509010389
0,1,0.5607580783607822
0,0,0.4647863844885902
1,1,0.7653973473544647
0,0,0.3512192106418144
1,0,0.4722295584070955
0,1,0.5327158189595896
1,1,0.6869309831394872
0,0,0.3078341934521253
1,0,0.36345954225212457
0,0,0.3944229720337994
1,1,0.5962495955787984
1,1,0.641390947528058
1,0,0.4608951182878792
0,0,0.2777006758249944
0,0,0.30246759912192944
1,0,0.3192120488497238
1,0,0.4778051014380299
0,1,0.5057892268760552
0,0,0.4140861765040632
1,1,0.6494597901663459
1,1,0.6631257403158984
1,1,0.5538205813648509
1,1,0.7542559131046583
0,0,0.4090655911408514
1,0,0.49068767253755413
0,1,0.5546444787875325
1,1,0.5943297155437204
0,0,0.4857979060208178
0,0,0.40506284029746603
1,1,0.625444881707589
1,1,0.5372771927372249
0,0,0.4998006028039286
0,0,0.29815435362078385
0,0,0.3241401074330228
1,1,0.7709628824271891
0,0,0.39715534908537525
1,1,0.5258351114675035
0,1,0.7018124021967147
1,1,0.7684467801965787
0,0,0.4171215063729728
1,0,0.41026692340027865
1,0,0.3547967829208656
1,1,0.7459548861805585
0,0,0.48136263527827694
1,1,0.7043385073534754
1,1,0.7265195238454389
0,0,0.4831091022492355
1,0,0.3059531262644326
0,0,0.280991549562894
1,1,0.6358038749178803
1,1,0.6998811461933611
0,1,0.5268062980746451
1,1,0.6247770685631098
1,0,0.4238380175087574
1,1,0.5634765149368921
1,0,0.4667376608824238
0,0,0.39805998835567297
0,1,0.5375637520961677
0,0,0.44589480379867164
0,0,0.4892951247398679
1,1,0.5773527844564276
1,1,0.7199399904956515
1,1,0.7925337900818689
1,1,0.769615899527929
1,1,0.5948602199126426
1,1,0.6027635156222639
1,1,0.6570830036994505
1,1,0.7781314187731456
0,0,0.2810486509562817
0,0,0.3343099977464222
1,1,0.6239698656939656
0,0,0.27848761448273146
0,0,0.30640609333143026
0,0,0.36348858361891134
0,0,0.4548228501306284
1,0,0.3664690931523716
0,0,0.4814557071898683
1,1,0.6212294147568286
0,0,0.4612911699875295
0,0,0.39663668292961274
1,0,0.32383789315526457
1,1,0.5198906299987842
0,0,0.33766772366088094
0,1,0.5157575751581368
0,1,0.5056412665029424
0,0,0.36553155648221336
0,0,0.36192432765584676
1,1,0.5433236801928757
0,0,0.43471178662607657
0,0,0.3770218047865
1,1,0.5500619301560191
1,1,0.6924523636304101
1,1,0.6166621925265215
0,0,0.416738721301293
1,1,0.606534229400261
1,1,0.5940699283726485
1,1,0.592288153316175
1,1,0.6224791228195115
0,1,0.5513696949966927
1,1,0.6161910755594585
0,0,0.43566343110967914
0,1,0.5414347676565167
0,1,0.5685192992694337
0,0,0.4190231117147015
0,0,0.23768004013510807
0,0,0.38032792188660297
1,1,0.7853268083339535
1,1,0.619963161028192
1,1,0.5158874818760693
1,1,0.7062405732057566
1,1,0.7144413244800951
1,1,0.7269605979391989
0,0,0.38250411839937615
1,0,0.38556491518240976
0,1,0.6165997095167174
1,1,0.7761428373098884
1,1,0.7967931108339485
0,1,0.5328039601506559
0,0,0.3995242877050093
0,1,0.558750052678482
0,0,0.4249005510747009
1,1,0.7476500386194738
0,0,0.17559285429905103
0,0,0.278637038464295
1,0,0.4854808419099057
0,0,0.37174882346161653
0,1,0.5146716965266056
1,1,0.6651853496236799
1,0,0.4994981945066458
0,0,0.4325483546603259
0,0,0.28271005335888655
0,0,0.4181924513314696
1,1,0.5267692404546395
1,0,0.43943156228088875
0,1,0.5909599191691297
1,1,0.6624332106382799
0,0,0.3871330021330751
0,0,0.4317585785142877
0,0,0.31891680335504025
1,1,0.592617929734532
0,1,0.5218531647599032
0,0,0.37589538804183315
0,0,0.3642713504635829
0,0,0.22408440289196463
1,1,0.6446633706874113
0,0,0.4958344389514427
1,1,0.651835693698242
0,0,0.45335055185065265
1,1,0.7495860034706375
1,1,0.7590801642347342
1,1,0.6289765132076145
1,1,0.7276800179853566
1,1,0.5962492936977202
0,1,0.6645673549709317
0,0,0.44046468972422703
0,0,0.3606768153066997
1,1,0.7583978295668817
1,1,0.7365341600217787
1,1,0.7564241891025208
1,1,0.8061813239296604
1,0,0.38371486812213296
0,0,0.2414375657227377
1,1,0.5262665782295164
1,1,0.800286022906606
1,1,0.6512716091888303
0,0,0.46321764599861487
0,0,0.3793308578653605
1,1,0.7048670203658864
0,1,0.7498155630944843
1,1,0.7196038921774169
1,0,0.44863936911637914
0,0,0.2592054745839228
1,1,0.5833967082942347
0,0,0.388601212732425
1,1,0.5640781997228336
1,0,0.46303079970315286
1,1,0.7586605733230075
0,0,0.3010606228134583
1,1,0.6943533928499767
0,0,0.31792720397709623
0,0,0.2623378242328345
0,0,0.3954027543285944
0,0,0.4404827871680292
1,0,0.3389687979393041
0,0,0.37807550715332416
0,0,0.41032923301388635
0,1,0.5251506859397594
0,0,0.3195264114469503
1,1,0.57455254712234
0,1,0.5884246817029934
1,0,0.12639455791460172
0,0,0.3680914937381374
1,1,0.6724064834470599
0,0,0.35144191886462756
1,1,0.7262245298663668
1,1,0.574732588801404
0,0,0.31908539613003034
1,0,0.34418894079513884
1,1,0.7162011221074626
0,0,0.31348907094218104
0,0,0.49965650641936366
1,1,0.7001942037401285
0,0,0.49692535444753183
0,0,0.23844056352839121
1,1,0.6279125260347699
1,0,0.3862507725673121
0,0,0.3938921641466698
1,1,0.6523370175075697
1,1,0.5814152933129018
0,0,0.4402269156339762
0,0,0.4245596138600382
0,0,0.310794926924457
0,0,0.4381131192219121
1,0,0.421040940387524
0,0,0.42895854762317576
1,1,0.6558487287975254
1,1,0.5795697457865606
0,0,0.47758329461079896
1,1,0.5396333469216025
1,1,0.5775385407165841
0,0,0.3457621777761098
1,1,0.7704112760006194
1,1,0.5940716687533789
1,1,0.6571801794357451
1,1,0.6288415659311171
1,1,0.6828231523054964
0,0,0.4544243078604226
0,0,0.10775113067633998
0,0,0.22094985966820763
0,1,0.7509010573995097
0,0,0.4260991272633546
1,1,0.7159726435645462
1,1,0.5809568215991048
1,1,0.5377566251907293
1,1,0.8318631219105092
1,1,0.5639787538111741
0,0,0.36040979942441953
1,1,0.7278897238790961
0,0,0.3454591276350716
1,1,0.5972690488093335
1,1,0.5216963542053797
1,1,0.6503339777437521
0,0,0.28980661448973477
1,1,0.5322432743949534
1,1,0.7483966849641084
0,0,0.25354108426495825
1,1,0.5089314867684772
1,1,0.7884038605049817
1,1,0.7415285013972926
0,0,0.29322104230967416
1,1,0.5878931668011639
1,1,0.6663886665925061
0,1,0.5413630183515826
0,0,0.34241077968578826
0,1,0.5609470501910782
1,0,0.41634117192161496
1,0,0.32162966286037675
0,1,0.616282761806313
0,0,0.40227098047622983
0,1,0.5483160714983879
1,1,0.5974361402092516
1,1,0.6426703208615848
0,0,0.3919784341413056
1,1,0.6420330908309013
1,1,0.601430457903297
0,0,0.3188129197080602
1,0,0.4373887606199812
1,1,0.6956849909945505
1,1,0.6436880460805121
0,0,0.399208317598735
1,1,0.5527428683903844
0,0,0.31113101030251317
1,0,0.37188252524429516
0,0,0.2978365684487553
1,1,0.6409670684409327
0,0,0.2936398073811261
0,0,0.24113661627380792
0,0,0.40369116325721605
0,0,0.42298749934493346
1,0,0.3661575761277859
0,0,0.4025306058073939
0,0,0.4467840574630955
1,0,0.4633624958396267
1,1,0.5678785472631797
0,0,0.4441294602565412
0,1,0.5793817715490079
0,0,0.40999694796455827
0,0,0.35132372651234045
0,0,0.3156483934852283
1,1,0.5286542794291464
0,1,0.5187233821140093
1,1,0.7756189323218571
0,0,0.2883173242953204
1,1,0.5776515173051628
0,1,0.6017216391463882
1,1,0.6316284018631951
1,1,0.7405453991179732
0,1,0.5543116576438358
0,0,0.494133399570686
1,1,0.5756398091063486
1,1,0.6878818058225324
1,1,0.6895011792682836
0,1,0.5897646544923916
1,1,0.7608480573163189
1,1,0.5371475642017565
0,0,0.4294548285573195
1,1,0.7054903396194229
0,1,0.5310905504223351
1,0,0.44543525258531685
0,0,0.22849875500712583
1,1,0.7698293802747412
0,1,0.5758554949102449
0,0,0.4097865415027782
1,1,0.5884794056218124
0,1,0.5393156046980844
1,1,0.5261968042191911
1,1,0.7987848860595702
0,0,0.3954656402693448
0,0,0.3738561373783211
1,1,0.5650815951674715
1,1,0.769813210150061
1,1,0.6045792293643764
1,1,0.6203593634581228
1,1,0.7967737887908538
0,0,0.3154103807366443
1,0,0.45646701473563517
1,1,0.7081088914176532
1,1,0.7501066850920314
1,0,0.4210012423183538
0,0,0.37500911937346865
0,0,0.3899319231242635
0,0,0.3566073526773564
0,0,0.319827132222702
0,0,0.42606930968932355
1,1,0.5533356770204054
1,1,0.7834864540122897
0,1,0.5262250771911979
1,1,0.7518860327188741
1,1,0.603929676880232
1,1,0.7785267717536086
1,1,0.7489366436850432
0,0,0.444252625513667
1,1,0.5669045167051534
0,0,0.2709110527364331
0,1,0.7121843636882911
1,1,0.6359416189375291
1,1,0.5734970285095592
1,1,0.6043344845063839
0,1,0.5930019923225047
1,1,0.8119304760255451
0,0,0.3989829246111225
0,0,0.3957163099401245
0,0,0.3249804842155982
0,1,0.5844904241972834
0,0,0.22628924198605962
0,0,0.474046027049769
1,1,0.6362399676494226
1,1,0.6316100000538948
1,1,0.644844274814412
0,0,0.2563193486623684
1,0,0.37834793977812337
0,0,0.2559947156643457
0,0,0.41004954875163896
1,1,0.6774888651229263
1,1,0.7172323589647236
1,1,0.6407266436584724
1,1,0.6856019662212528
1,0,0.37389541896124273
0,1,0.5480590317404049
0,0,0.40120763865146186
1,1,0.6586272139651931
0,1,0.5024959803119455
1,1,0.7656104126657128
0,0,0.3040902971072108
1,1,0.8099373288233939
1,1,0.7278604997133203
1,1,0.7353537788250898
0,0,0.3856952760107013
1,1,0.6000969340338842
0,0,0.36885396669086423
1,1,0.7536710764923085
1,1,0.8619749498662104
1,1,0.6385356507091613
1,1,0.7752382277032619
1,1,0.8616872720076377
1,1,0.6933423404953846
0,0,0.3519452380997237
0,0,0.4032842610634795
1,1,0.6066604051504534
1,0,0.45476037188964996
1,0,0.4842937574835912
1,1,0.6740108834903872
0,0,0.35902983776877984
1,0,0.43385037613732125
1,1,0.7198679711628424
1,0,0.37368830908152545
0,0,0.4616630149978766
1,1,0.5922513213813744
1,1,0.5229635444309316
1,1,0.5446941132513401
1,1,0.6429620749219218
0,0,0.361958532656764
0,0,0.3612413444441277
0,0,0.49043919061648367
1,0,0.3681417894938848
0,0,0.3721378230514149
0,0,0.38207415958993834
1,0,0.3455858451639597
1,0,0.45781350181927144
1,1,0.5231838494285668
0,0,0.3647054374344607
1,0,0.49339247313913864
1,1,0.5839741471038312
0,1,0.5454440312986627
1,0,0.4462738464123289
0,0,0.3323101592512368
1,0,0.3308437463525083
0,1,0.5537413252284602
1,1,0.5001961570042323
0,0,0.3284332603344879
0,0,0.4200225127327677
1,1,0.6195271567009335
1,1,0.7519218735734968
1,0,0.3389798286142176
1,0,0.49928001260290034
0,0,0.3694543916910695
0,1,0.6589885100453743
1,1,0.659771257720328
0,0,0.34933607178575754
1,1,0.5563981497986699
0,0,0.4288889711454551
1,1,0.5600907973620113
1,0,0.47015188024876636
1,1,0.734433589609309
1,1,0.5129499897895989
1,1,0.5208423648828316
0,0,0.34319702192478324
1,1,0.572680119562841
0,0,0.11259642277282383
0,0,0.3634860810101592
1,0,0.488672201226214
0,0,0.2690353019835645
0,0,0.12481275966458538
0,0,0.4250008058181309
1,1,0.7280788601507073
1,1,0.657640129481881
1,1,0.7032605747609673
1,1,0.6537880040586949
1,1,0.6577928788054622
1,1,0.646843492115311
0,0,0.47247669290623556
1,1,0.6158134633139891
0,0,0.33767126381802287
1,0,0.47975238894935046
0,0,0.42365695905439726
0,0,0.41419037669972825
0,0,0.3578182944446403
0,1,0.6911753369811171
1,1,0.613981933726702
1,1,0.7592668671180786
1,1,0.6362627752990535
1,1,0.7589570640548057
1,0,0.4329302685331291
0,0,0.30904565905944564
1,1,0.5598407881137214
1,0,0.46218962675370173
0,1,0.5164843612442855
1,1,0.7338396104339315
1,0,0.47312304740454153
1,1,0.6218542828991604
0,0,0.30128711397733865
1,1,0.7971448587964594
0,0,0.24071694240202604
0,1,0.5506016382450281
0,0,0.3462613012212693
1,1,0.6107855706460065
1,1,0.6487473235226884
0,0,0.4163743082279574
0,0,0.45089256388701365
0,0,0.331653880321376
1,1,0.5095176527558253
1,1,0.627315445652703
1,1,0.7399001787262789
1,1,0.7489149176593467
1,1,0.7996118987381167
0,0,0.24000212583749164
0,0,0.3638916317225187
0,1,0.5486007992853886
1,1,0.6375947747314143
1,1,0.641697153988396
1,1,0.5702050930623007
1,0,0.4938321696218444
1,1,0.8349057256856757
0,0,0.37434053248168747
1,1,0.6165762645520314
1,1,0.6289009344816227
1,0,0.3942888164668966
1,1,0.745495140864454
1,0,0.39834598377413966
1,1,0.62181380594662
0,0,0.3057093682682117
0,1,0.5159796345111605
1,1,0.7261426198098847
1,0,0.41156127401177545
1,1,0.6298123407172239
0,0,0.25572174749352394
0,0,0.3175852413083861
1,1,0.6183767705716998
1,1,0.5926957303635584
1,1,0.7809851225349205
0,0,0.4815666379555189
1,1,0.7754608924039849
1,0,0.4126299148698
0,0,0.3527050590980768
1,1,0.7199881327004366
0,0,0.2938797442865771
0,1,0.604574739335014
1,0,0.47530848606450604
1,1,0.583109197718575
1,1,0.7906678557113507
0,1,0.53670030409212
1,1,0.6436861787470994
0,0,0.4188144793806796
1,1,0.7405725295779942
1,1,0.738299230072142
0,0,0.30446998263981334
1,1,0.7641575214152462
1,0,0.3150971881903262
0,0,0.4416766515559631
1,1,0.5614665702498303
1,1,0.594029167042654
1,1,0.5300688286127463
1,1,0.5119467808646455
1,1,0.5673580742166062
0,0,0.32156614999204
1,1,0.5400141479981214
0,0,0.22207209166014322
1,0,0.4781587852300646
1,1,0.6802610476404327
0,0,0.4525387912110213
1,1,0.6927844417738598
0,0,0.4681164915815461
1,0,0.40936019076002184
1,1,0.7415756546740626
1,0,0.45493956004745145
1,1,0.741726390283361
1,1,0.6076618422306417
1,1,0.7566911572092233
1,0,0.4333847697279926
1,1,0.8096400513217731
1,1,0.667511968330072
0,0,0.4603268654700275
1,0,0.4196531500684309
0,0,0.4210738934049579
0,0,0.4705982225956039
1,1,0.728955678629246
1,1,0.5747017859624762
1,1,0.5279342762290643
1,0,0.36194418936473804
1,1,0.7275061508086454
1,1,0.5194588456849591
1,1,0.5531652674377316
1,0,0.42550178872940203
1,0,0.34576507983925003
0,0,0.24926510115557185
1,1,0.75457299963529
1,1,0.5566725503432793
1,1,0.6258964342240481
0,0,0.4101513374444615
1,1,0.5590858058149555
0,1,0.5615841152254886
0,0,0.38939689871990446
1,1,0.5464009523585318
1,0,0.4998201471793142
1,0,0.4817329235679271
1,1,0.5022453544148476
1,1,0.7392129325287455
1,1,0.5779329070917375
1,1,0.5242381759416412
1,1,0.7629163642943653
1,0,0.3556303550458873
1,1,0.6984230640845922
1,1,0.6304575874279446
0,0,0.26603056739264447
0,0,0.39140794159969744
0,0,0.3987478437352368
0,0,0.3634475538597034
0,1,0.5201817482469684
1,0,0.4580440370449982
0,0,0.48703124514126195
0,0,0.4567706884930603
0,0,0.3849301518221008
1,1,0.6196095281508582
1,1,0.6302854614968184
0,0,0.43942961559474425
1,0,0.4154498425451411
1,1,0.6061400419033687
1,1,0.7256792209606714
1,1,0.6559129344963489
0,0,0.47309225215232537
0,0,0.24757049110981388
0,0,0.4384965182242159
0,0,0.1753208974544218
1,1,0.6593848795696879
0,0,0.48833563475440495
1,1,0.7359710300137501
1,1,0.747531758253151
1,1,0.7359654977796306
1,0,0.41888955488654794
0,0,0.49531339878127006
0,0,0.30731868380856747
1,0,0.45320164161925386
1,1,0.682800769063214
0,0,0.4402803014163598
1,1,0.51866864043047
1,1,0.6615746899213311
1,1,0.7577642767755413
1,1,0.624724422159523
1,1,0.6347223625776246
1,1,0.6802726256061267
0,0,0.4322316534503344
1,1,0.7495648653150551
1,1,0.5537218496247623
1,1,0.5226597700523239
0,0,0.4491243882019827
1,1,0.7067174733401045
0,1,0.7385432765297655
1,1,0.7840147107486038
0,1,0.6477046255891402
1,0,0.46016122513412605
1,0,0.4427181262070388
1,0,0.4132507552933319
0,0,0.37435683808938636
1,1,0.6539319016410872
1,1,0.550332866508079
0,0,0.39896430221369117
0,0,0.3695200218059278
0,0,0.4226156041433659
0,0,0.29089043683166677
0,0,0.26625729336519877
1,1,0.5693625840196832
1,1,0.7171367691744187
1,0,0.49643979765088253
0,0,0.3838113656646438
0,0,0.35157056540448584
0,0,0.3540484464369845
1,1,0.6462493708593574
0,0,0.3664612899096918
0,0,0.36762309232380036
0,0,0.277988302946974
1,1,0.6488155657248295
0,0,0.3772588310336109
1,1,0.5378344798416039
1,1,0.6612666536505913
0,0,0.3662688144948892
1,1,0.6325195298761783
1,1,0.5898183917952613
0,0,0.4116276947126584
1,1,0.622955616035222
1,1,0.5861685292616485
1,0,0.3947028443363258
1,1,0.6307479718456714
0,1,0.5075106989100842
1,1,0.5569348366716771
1,1,0.6146023608645583
1,1,0.528822145981566
0,0,0.4382152461484105
1,1,0.8250390785140018
1,1,0.5788561308982278
1,1,0.6838362382266616
1,1,0.6805610808462472
0,0,0.2172227879605732
1,1,0.5252855412474392
1,1,0.7257800212340122
1,1,0.5150294579086797
1,1,0.5589559368792226
1,0,0.3567621577566207
0,0,0.39974139233919154
0,0,0.37168381401031
0,0,0.4622053193850963
1,1,0.6404625112288113
1,1,0.7950921422915087
1,1,0.5658960629712272
1,1,0.502138216596501
0,0,0.42562755614054537
1,1,0.7569454120694361
1,1,0.6521093268739934
1,1,0.7079857153177069
0,0,0.32331194595776724
1,1,0.6339880880491371
1,1,0.7130984865753999
0,0,0.3321697634511336
1,1,0.8369595978820245
1,1,0.5129898382254378
1,0,0.4904992225774815
0,0,0.26356356213853355
1,0,0.4991083840956211
0,0,0.3940601559530101
1,1,0.5271332161531833
1,1,0.6447996983653419
0,0,0.42520803233453064
0,0,0.4307357763391169
0,0,0.16082479817018341
0,0,0.30850919758632644
1,1,0.6387297441372172
1,1,0.7175299122639784
1,1,0.6538246767757488
1,1,0.5833169516441638
1,1,0.7490034705195753
1,1,0.7792609202248761
0,1,0.5984396530401359
0,0,0.4730307132063295
1,1,0.638736004127127
1,0,0.3620665651338507
1,1,0.7058795777344978
1,1,0.7466129324079235
1,1,0.5442559991339159
1,1,0.6037400389420852
1,1,0.7558877693062865
1,0,0.4047372679621856
1,1,0.7620484418826726
1,1,0.5678733670554896
1,1,0.5524372710467632
1,1,0.5945120100287358
1,1,0.7012964789908483
0,0,0.23540301393665888
0,0,0.37548868096504534
0,1,0.5004900894335801
1,1,0.7474299627884383
1,1,0.629753931909442
0,0,0.20574489210991104
1,1,0.575852075041063
1,0,0.32932705720795175
0,0,0.3510016919134813
1,1,0.6505477306131608
0,0,0.4306376850901845
1,1,0.7515097546784404
1,1,0.6611403898223099
1,1,0.7593752552712085
1,1,0.6716333781902182
1,1,0.5884044496197076
0,0,0.4134137735186361
0,0,0.3442948240780119
0,0,0.41071548272372504
1,1,0.8088049154095062
1,0,0.4693726980070712
1,1,0.6170972180920291
0,0,0.34359244881844103
0,0,0.41291405192860753
1,1,0.7022737276477696
1,1,0.60482373434977
0,0,0.44262473901504124
1,1,0.5106453804283302
1,1,0.5386371809231751
1,1,0.6319823869074015
1,1,0.7052211749627135
0,0,0.45834525881049615
1,1,0.6947869190247663
0,0,0.3460579758573975
0,0,0.3474844258851485
0,0,0.32761725783207696
0,1,0.5334836204614778
0,0,0.35108019592832174
1,1,0.511384325823419
1,0,0.43276140196244917
0,0,0.2662527323573396
1,0,0.47584194810971353
1,0,0.4604635067500983
1,1,0.5311521257536772
0,0,0.39146287617406506
1,1,0.8122099312133045
0,0,0.40114928361005076
1,1,0.619485040737433
0,0,0.35275269388736186
1,1,0.7242682189987083
1,1,0.7461918229343586
1,1,0.7560250134448985
1,0,0.4944712839053701
1,1,0.6793439514276021
1,1,0.693758261673802
1,1,0.5755556411015097
0,1,0.6263892747730623
1,0,0.46938211633787263
0,0,0.31687394182649786
1,0,0.38782123007607344
0,1,0.6350930638172734
0,0,0.4029924113588272
0,0,0.4340610337484354
1,1,0.550834258732398
0,0,0.49491996774640934
1,1,0.7616434940406114
1,1,0.8053721093143575
1,0,0.4663750835907605
0,0,0.40939911378989285
0,0,0.4273844287637841
1,1,0.7269251731170145
1,1,0.6075180223753444
1,1,0.5052420327761699
0,0,0.44634757559031935
1,1,0.5356901858428076
0,1,0.549017594259629
0,0,0.1835804940721396
0,0,0.45695284776351586
1,1,0.7867085662293527
0,0,0.27915851802901864
0,0,0.3227822678474555
1,0,0.3601771563304615
1,0,0.4581798818891511
0,0,0.37519923559662627
0,1,0.5085856537892218
1,1,0.690123115473112
1,1,0.7612571420512829
0,0,0.3519960354794218
1,1,0.7778045812238535
1,0,0.41885273499890247
0,0,0.3865945569338537
0,0,0.22361001342077025
1,1,0.6863596950737173
0,0,0.3852369907522938
1,1,0.568381180562518
0,1,0.5700536559442891
1,1,0.5218445719829589
0,0,0.40057959290966844
1,1,0.749741043485203
0,0,0.30348949459846936
1,1,0.5407053348103268
1,1,0.5941310414252219
1,1,0.6246622701943586
1,1,0.5140251699617643
1,1,0.5514807967513043
1,1,0.6705603136347513
1,1,0.708699482175768
0,0,0.474411904857677
1,1,0.529967405648094
0,0,0.3559505875900615
1,1,0.5798037316631646
1,1,0.7220270600894321
1,1,0.7197948394687305
0,1,0.5024426140273112
1,1,0.7101786772034793
1,1,0.6550919137378151
0,0,0.3235377601313074
1,0,0.4923485784674378
0,0,0.46916369499873156
1,1,0.6474485660926186
1,1,0.6214527901123089
0,0,0.3379452151862602
0,0,0.23368655693762233
0,0,0.3437556984857565
0,1,0.6665353154407111
1,1,0.6726603550385366
1,1,0.5288701890326754
0,0,0.4110977624855943
0,0,0.474891480389054
0,0,0.3791705584729528
1,1,0.6378323970084993
0,0,0.3893763594149906
1,0,0.4891728389595025
0,1,0.8323757609827905
1,0,0.44482386211475583
0,1,0.5178717896047818
1,1,0.7921415440399484
0,0,0.2954725239008303
1,1,0.5659538232719449
1,0,0.3304655626250617
0,0,0.30706991827906344
1,1,0.7822327862804036
0,0,0.18762899845554057
0,0,0.3360023624593093
0,1,0.5079485483041405
0,0,0.2910095375797624
1,1,0.7354423177088186
0,0,0.32888295865429806
0,0,0.36510951323236523
1,1,0.746756538784115
0,1,0.6587697697032948
0,1,0.504485264797937
1,0,0.4545529912728433
0,0,0.3082870337135295
1,1,0.6615965499357428
1,1,0.6135402369367053
0,0,0.3744129580406016
0,0,0.3317443281642112
0,0,0.34340761469699216
0,0,0.15601718084024851
0,0,0.33956807582475734
1,1,0.6483336341221938
1,1,0.6620170608496513
0,1,0.5263985798200418
1,0,0.48768215641450036
1,1,0.5818959218926345
0,0,0.28602170943740807
1,1,0.61717364436423
1,1,0.7038820370619051
1,1,0.7889260544440327
1,1,0.5186597045661141
1,0,0.396825627585229
1,1,0.6540472713095694
1,0,0.38329640504411394
1,1,0.7081433055505646
0,0,0.40261408734043025
0,0,0.4475706855110648
1,0,0.4514991126496502
0,0,0.39409040574370885
1,1,0.5859398027515792
0,0,0.43935007534790516
0,0,0.43287802046189616
0,0,0.2831801002565502
1,1,0.7438975926474627
1,0,0.47102670454541884
1,1,0.8343377270051131
0,0,0.3061302715142506
1,1,0.6435842470234843
1,1,0.5725008447280727
0,0,0.3754329896845699
1,1,0.7341461911467303
1,1,0.6503192059111904
0,1,0.527123615745267
0,1,0.5203798609280504
1,1,0.7201919872723552
0,0,0.4194246530846422
0,0,0.3114205641396377
0,0,0.40284566615517975
1,1,0.5557985368145911
0,0,0.21921435791044327
1,1,0.662967302962046
1,1,0.633344268904556
0,0,0.43694421599042427
1,1,0.6815783682328121
0,0,0.43388225255192375
1,1,0.6269865673327092
1,1,0.5881448796871688
1,1,0.7492166080316107
0,0,0.2276084107332602
0,0,0.36671890886436126
0,0,0.39923863984789454
1,0,0.4200424174870486
0,0,0.4195488735070104
1,1,0.8070114919202535
1,1,0.6573325337169207
0,0,0.2820939394059142
0,0,0.36576802823681087
1,1,0.7323399923085995
1,1,0.5753874278121877
0,0,0.30403955494330853
1,1,0.6182804116051687
0,1,0.5973853015190711
0,0,0.4572139561677767
1,1,0.7369922825987676
1,1,0.6212535517123704
0,0,0.2949052558866309
0,0,0.43382007464037736
1,1,0.6230516052971175
0,0,0.39011470653262703
0,0,0.4383417095522766
1,1,0.7052375582204905
1,1,0.5742450165473444
1,1,0.7177413428264826
0,1,0.6054267890609483
0,0,0.15007699167933264
1,1,0.5016261531577942
0,1,0.6559531900023814
0,0,0.4330615213889446
0,0,0.4583949723637344
1,1,0.5640337798062675
1,1,0.7887279079567686
0,0,0.32290275295329485
0,0,0.3303684273666233
0,1,0.6252777639894288
1,1,0.6897289630117741
0,0,0.4463247939978967
0,0,0.39074232419337307
1,1,0.5320996352630186
0,0,0.17604758654447472
1,1,0.6532057913734198
1,1,0.5315841907855551
1,1,0.7321918059614682
1,1,0.6441833211156165
0,0,0.32175674274070937
0,0,0.31783295006377976
0,1,0.5367859555172021
0,0,0.45962714403691485
0,0,0.3060538889007418
1,1,0.6895482758367156
0,1,0.6654558155823805
1,1,0.6181503057917468
0,1,0.5646819122847327
0,0,0.47071642410084347
1,1,0.6289667820813242
1,1,0.6144896829759317
1,0,0.35188289602668804
0,1,0.5293878665049639
1,1,0.8322314827433566
0,1,0.5813700979798795
0,0,0.257980162560931
1,0,0.3974918680442221
1,1,0.6676383013336811
1,1,0.7705686941169545
0,1,0.5308633712774807
0,0,0.3815774846108282
0,0,0.43276999192038146
1,1,0.5524793697059518
1,1,0.7188599988429314
1,0,0.4310390076691999
1,1,0.6411947630024311
0,0,0.35640885260330485
1,1,0.7174402012198898
1,1,0.5101397087906129
1,1,0.7222288743730647
0,0,0.46038927833157645
0,0,0.40215205497882656
0,0,0.31635492510021224
1,1,0.7611878671634494
0,0,0.42571458129197703
0,0,0.44960702391202206
1,1,0.5927498582300977
0,0,0.423368518338578
0,1,0.5005466674281532
0,0,0.3210479869431944
0,0,0.4946437167854625
1,1,0.5512743962920692
1,1,0.584788410831317
0,0,0.3355757206654508
1,1,0.7780218019575951
1,1,0.5848973726236446
1,1,0.6552927226051907
1,0,0.42407714230679217
1,1,0.5548616200067161
0,0,0.29268006818816295
1,0,0.47832510542579854
0,0,0.29548740542660146
1,1,0.7862304976809712
0,0,0.3800682921496508
1,1,0.5227036506591446
1,1,0.7419178619246171
1,1,0.5504209812395542
0,0,0.35706122366559456
1,0,0.39227438653571894
1,1,0.6847126896782906
1,1,0.5209926083323466
0,0,0.3328859651573532
1,1,0.7250835249335509
0,0,0.28792603803416356
1,1,0.7421166883924534
0,0,0.4577275739746653
0,1,0.622683651066391
0,0,0.4244848872632595
1,1,0.7100853820034075
1,1,0.5049491640375139
0,0,0.41114551452647413
1,1,0.7776301138955959
0,0,0.482587447395747
1,1,0.6793316927452401
0,0,0.33492377070660256
1,1,0.5889204761078525
1,1,0.5995857737324995
1,0,0.3446791207673715
0,1,0.5767490379481248
0,1,0.6245774494402808
1,0,0.4349749338576562
1,1,0.7307275332178055
1,1,0.7338459107849549
0,0,0.4101158140783579
0,0,0.3991575962925015
1,1,0.6434286742491033
0,0,0.3036570009396802
1,0,0.4539074885470225
0,0,0.32630309215958114
1,0,0.4260407215884192
1,1,0.5326374442347629
1,1,0.6619980445012627
1,1,0.6860786276615388
0,0,0.48119813179707377
1,1,0.7279145460092509
0,0,0.4497616015122653
0,0,0.4873859184064541
1,0,0.4495941150403579
1,1,0.7069611986038948
1,0,0.4551633425838548
1,0,0.4440249131091258
0,0,0.46272227547816974
1,0,0.47115556772622413
1,0,0.42086001210641244
0,0,0.3312487637010743
0,0,0.14238041095159087
1,0,0.3755347923285692
0,0,0.2811354619817346
0,1,0.5507043021756324
1,1,0.5831389364000272
1,1,0.7974610292096332
1,1,0.7506638743858729
1,1,0.7152179404477746
0,1,0.6116471156824944
1,1,0.5283875729071057
1,1,0.694522736066167
1,1,0.6755672804718548
1,1,0.7097247743969101
1,1,0.621770889130564
0,1,0.6046928745787814
1,1,0.6709155419522592
1,1,0.7250556312565622
0,0,0.34519188597529704
1,1,0.5929861094075203
0,0,0.42527103771386426
0,1,0.527646937095043
0,0,0.49534623527079946
0,0,0.21982056095811045
0,0,0.4088989977527454
1,1,0.5027648528239349
0,0,0.4107262613239084
0,1,0.5821717814408938
0,1,0.5024930588877087
1,0,0.4510612995696475
1,0,0.41674060819396763
0,0,0.40525531732617
1,1,0.6564536715494366
1,1,0.5460858121498916
0,0,0.319240108383221
0,0,0.3996013238294262
0,0,0.30237996558645014
1,1,0.55262798167827
1,1,0.7474717613027323
0,0,0.37928855860015837
1,1,0.5926553208053263
0,0,0.40780482581077343
1,1,0.8321207506644086
1,1,0.6232285483829818
0,0,0.38379955422741285
1,1,0.8187155045444805
1,1,0.6733302433514138
1,1,0.5640213898756332
1,1,0.7031032308556762
0,0,0.300498768364714
0,0,0.3853512945130245
0,0,0.27765309512782144
0,0,0.39087693075231245
0,0,0.2753726712326498
1,1,0.7470304787822678
1,1,0.7746359858064958
1,1,0.6726782985856894
0,1,0.550456447564563
1,1,0.6953590727299133
0,0,0.4117011653467991
1,0,0.41787380088487075
1,1,0.6882647318422829
1,1,0.7448163012338235
1,1,0.6029222019585023
0,0,0.42094346179088704
1,1,0.696693628743717
1,1,0.7763110991161076
1,0,0.3878139479124682
0,0,0.48828563729436353
1,0,0.4540031852824877
1,1,0.7099682826448785
0,1,0.5206543311656536
0,0,0.48478290148859626
1,1,0.6295164612758308
0,0,0.2966660504598945
1,0,0.48432724424276047
0,0,0.38583271943193326
0,0,0.28139490917002397
1,1,0.7074888984618874
1,1,0.7450565683232645
1,0,0.4654997520715413
1,1,0.7383309361360897
1,0,0.3755347923285692
0,1,0.64122634306703
0,1,0.5651080383405283
1,1,0.6931010231989555
0,0,0.40463719302259127
0,0,0.4276608008659818
0,0,0.38796787475163425
1,1,0.5974909957227336
0,0,0.27393424484768003
1,1,0.6559252789557795
1,1,0.7053557695219346
1,1,0.7346688113207713
1,1,0.5665262243310472
0,1,0.5910486321665034
1,1,0.6956842884674661
1,0,0.34227860697541174
1,1,0.5676382864794278
1,0,0.4742257021363101
1,1,0.5219903767260324
1,1,0.6892566103709886
0,0,0.41957176809647767
1,1,0.5111462508928624
1,1,0.5959000995346571
1,1,0.7252102477805781
0,0,0.34320858034142376
1,1,0.6816300415592531
1,1,0.6493177478380532
0,0,0.40329384851991257
0,0,0.2873967046600639
0,0,0.338432787060445
1,1,0.6927398728623979
0,1,0.5635340951412592
1,1,0.7579757864458818
1,1,0.743998496934376
1,1,0.701890118424808
1,1,0.6152677556540734
0,0,0.38488606045090706
1,1,0.5738592771768561
1,0,0.39274087050166506
1,1,0.742247960998969
0,0,0.3569276236804205
1,1,0.7220447957613177
0,0,0.42441580609878804
1,0,0.4388517534525189
1,1,0.7027313219211595
1,1,0.5869716702821028
0,0,0.48836329625097946
1,1,0.6573629690894246
0,0,0.4717901563490048
1,1,0.6157911134029576
1,0,0.2052518734619143
0,0,0.42437277457600997
1,0,0.3531638973546359
1,0,0.49276724736929567
1,1,0.7358550573887066
0,0,0.45801401073841275
1,1,0.5505717368619524
1,1,0.6892951994434608
0,0,0.2360815483015993
0,0,0.2891352466028992
0,0,0.4151827661893639
1,1,0.629104237257826
1,1,0.7194657739170711
1,1,0.6070769392924366
1,1,0.6119225238776057
0,1,0.5713901186253153
1,1,0.7523915118560697
1,1,0.5861796664390198
1,1,0.7208812522375629
1,0,0.45107564710147285
0,0,0.41121766704082413
0,1,0.5430823434435043
0,0,0.4456576792557286
0,0,0.2590705709709727
1,0,0.47804886636384597
1,1,0.5506241944681305
1,1,0.5620264975040585
1,1,0.5000985542459553
1,1,0.5021608090679528
0,0,0.4867520153144406
1,1,0.5216269214234366
1,0,0.4859339897046172
1,1,0.6414775963148207
0,0,0.40950888793967194
1,1,0.7140740595674238
1,0,0.49554331694674814
0,0,0.43347466693745973
1,1,0.5690763397650727
1,0,0.4168761599599773
0,0,0.38285502747503
1,0,0.47958713346209
0,1,0.5970620615893276
0,1,0.5777930624266004
0,0,0.39717586646139547
0,1,0.5984857741276493
0,0,0.14365172109996474
0,1,0.5518430336301886
0,0,0.4042783038627864
1,1,0.5097038434974928
1,1,0.5580218862707208
0,0,0.32143763782589196
0,0,0.3508218048197574
0,0,0.27101736790545433
1,1,0.7027706701259281
1,1,0.6469199882051561
0,0,0.24916238894353204
0,0,0.39660287911375336
0,0,0.3157486619733849
0,1,0.7357263889482375
1,0,0.45864165770242193
1,0,0.4805512613106987
0,1,0.5424521716056341
0,0,0.29794506410289284
0,0,0.3003017669390124
0,1,0.5173142474853779
0,0,0.42065349246943307
0,1,0.5262808184080235
0,0,0.3196178596157796
0,0,0.4495173135910538
1,1,0.5549746111434989
1,0,0.4203012591058811
0,0,0.48568172383652913
0,0,0.4508439942167176
0,1,0.5271361705783196
0,0,0.401853292569813
0,0,0.35077930830006165
0,0,0.323482121617431
0,1,0.5553495690006715
1,0,0.4386974580186264
0,0,0.31227377810523
0,0,0.43332229761677427
0,0,0.4638617626428747
0,0,0.3650657394674857
0,1,0.6055602992921281
0,0,0.36480969276833153
1,1,0.6881729838308831
1,1,0.6903556819141065
0,0,0.35854157599843306
0,0,0.4098354226426686
1,1,0.8065693363371764
0,0,0.46574699994873014
0,0,0.3649203641467719
0,0,0.2838465618738801
1,1,0.773001822309745
1,0,0.39666785133309135
0,0,0.39203659998978296
1,0,0.45819186764252495
1,1,0.657986108186584
0,0,0.42083182310329187
1,1,0.7767628869622492
1,0,0.36721043270884424
1,1,0.6023547073108675
0,1,0.685711916272836
1,1,0.6355456983834215
0,0,0.2923931708600168
1,1,0.802125040662347
1,1,0.701650687719249
1,1,0.6465680866193363
1,1,0.6856854732134053
0,0,0.4419952945275412
0,0,0.22511557418877964
1,0,0.48012530612892923
1,1,0.6663108990884357
1,1,0.5791962405780127
1,1,0.6686810688629253
0,0,0.25887801200169624
1,1,0.5619667940632637
1,0,0.28870679205789973
1,1,0.7687371921771305
1,0,0.4654848555320231
0,0,0.35667158075112276
1,0,0.4660230246119708
0,1,0.5753499592669207
0,0,0.46635851601816347
0,0,0.38321358649306236
0,1,0.5127544422745051
1,1,0.6148449262862319
0,0,0.39829034323051665
1,0,0.435620705223297
0,0,0.42559047656871235
0,0,0.4383066117505103
0,0,0.2792534070214882
1,1,0.5286797352009586
0,0,0.3667603779878047
0,0,0.486905278043629
0,0,0.4495319844741394
1,0,0.4839113753147106
0,0,0.2753767842218152
1,1,0.6089164222693747
1,1,0.7055764741625897
1,1,0.817233650429302
1,0,0.40574883937663825
1,1,0.5149965682623568
1,1,0.706864767955704
1,1,0.670130224956387
1,1,0.6372995857150948
1,1,0.7424530781445001
0,0,0.31152387556543354
0,0,0.4543986782125549
1,1,0.6540553815416691
0,0,0.35465795165353925
1,1,0.7300904600879619
0,0,0.4256901197487983
1,1,0.6684792628845719
1,1,0.703797917407795
0,1,0.5100909240415805
0,1,0.5427920989086761
1,1,0.7666448906501891
1,0,0.43301888819480794
1,1,0.7138518272302957
1,0,0.4535723811102712
1,1,0.6945172311363436
1,1,0.6881921072506475
1,1,0.6910584615552434
1,1,0.6080480306624055
1,1,0.6827841143598786
1,1,0.753054729460682
1,0,0.47539440587834525
1,0,0.4969146873484009
1,1,0.5712371837394834
1,1,0.6973028053865334
1,1,0.6059577461983039
1,1,0.5254369682041731
1,0,0.49846712928206743
0,0,0.3083272079987793
1,1,0.6963785903376254
1,1,0.557262427095983
1,1,0.6851064136524601
0,0,0.35854881039521286
0,0,0.3799031570062087
1,1,0.6920981349067027
1,1,0.5766510555381023
1,1,0.5451948273693524
1,0,0.45536604634529804
1,1,0.7336381411887964
1,1,0.6069823728574615
0,0,0.3552002296480098
1,1,0.7395548608444734
1,0,0.34662781772746576
0,0,0.3332773037401992
0,1,0.5072713704311869
0,1,0.589408386518781
1,0,0.4914589827020403
1,1,0.6427325542077869
1,1,0.645910284852676
0,0,0.27081759955789686
0,0,0.2699443636105713
1,1,0.6242584040784521
1,1,0.7313542922713657
1,0,0.44384143281797395
0,0,0.2711571651380095
0,0,0.326520831456606
0,0,0.21532423465253192
1,1,0.51355645074737
1,1,0.5715889445701752
0,0,0.4166739985740915
0,1,0.7323135013155259
1,1,0.660323306154466
0,1,0.5373963209051401
0,0,0.4320899894310662
0,0,0.38450184482952593
1,1,0.7465804232786438
0,1,0.5269874178144236
0,0,0.4588439315172024
1,1,0.8053438621919746
1,1,0.7174796950253365
1,1,0.631510548472495
1,0,0.4601950823908656
1,1,0.6368517410897916
1,1,0.6977851476186011
1,1,0.7335891342622247
1,1,0.7217767194150935
1,0,0.32591648511089694
0,0,0.42005720690683773
0,0,0.4847326264403506
0,0,0.42037947269870246
1,1,0.5524724470663025
0,0,0.38322713735184394
0,0,0.3899217686124284
1,1,0.6535011175999699
1,1,0.58393791116971
1,1,0.649429969218685
0,0,0.4297378777172866
1,1,0.5221798503891538
1,1,0.812995443676821
0,0,0.38084510651645526
1,1,0.6270916376378167
0,0,0.4158204502893294
1,1,0.6612908807707965
0,1,0.6134141972273369
0,0,0.35054352553045587
1,1,0.6518848290599586
0,0,0.35717919356627914
1,1,0.6531173266226085
1,1,0.5544939588851056
1,1,0.5393891707865544
1,1,0.5925236645810312
1,1,0.6514115561183992
1,1,0.517838551568958
1,1,0.6326129705348513
0,0,0.11710752148273672
0,0,0.49361796261570945
0,0,0.3978274204887384
0,0,0.4064898166820046
1,1,0.6784049375331395
0,0,0.33706418299523605
1,1,0.75222494648613
1,1,0.6443537674066314
1,1,0.7090587570840602
1,1,0.6026161262202411
0,0,0.40469462276052165
0,0,0.4145419223477066
0,0,0.44909890435238
1,1,0.7045897912080495
1,1,0.6074219104296549
0,0,0.25567050738246916
0,0,0.1189588515151864
1,1,0.5718082864543814
0,0,0.46151103234390545
0,0,0.2618092068987453
1,0,0.47217562323657475
1,1,0.5591606997036073
1,1,0.5297990081452838
1,1,0.6811729517720937
1,1,0.6308114094671103
1,1,0.6388107934176189
1,1,0.7138465230595294
1,1,0.6533864458881001
1,1,0.6632765133776612
1,1,0.5081081441905111
1,1,0.6955991188401314
0,0,0.3984020068576667
1,1,0.6881538723523118
1,1,0.7245692862991352
0,1,0.5098510282574071
0,0,0.391802756862602
0,0,0.35391671726856666
0,0,0.31973034907818804
1,1,0.7297622952044776
1,1,0.6947030008479365
1,0,0.4998635027451743
1,1,0.7389539584356826
1,1,0.65381101689992
0,0,0.41152049634185284
0,0,0.4986426717796904
1,1,0.599084096870452
0,0,0.45337579678588014
1,1,0.5731905366823351
0,0,0.3627748500685085
1,1,0.6034831657138825
0,0,0.43339940852313064
1,0,0.46872674245338153
1,1,0.7499717080196071
1,1,0.6726189196243024
1,1,0.8187571705737686
0,1,0.5537586092592109
0,0,0.3738562120915971
1,1,0.5454608330145375
1,1,0.6193452994981373
1,1,0.7330839585006018
0,0,0.22406997740197532
1,0,0.4656943200541636
0,0,0.37249830535170203
0,1,0.5472613681015748
1,1,0.5170449605785111
0,0,0.3704718311848489
0,0,0.24431433733181426
1,1,0.7353073515991376
1,1,0.5866321912085898
1,1,0.7140093297084199
1,1,0.540721949825563
1,1,0.5943565184804129
1,1,0.508661301983024
1,1,0.5846589570776141
1,1,0.7664841942477058
1,1,0.6513966587827291
0,0,0.30992411927242836
1,1,0.7007768479784385
1,1,0.5201867262744976
0,0,0.3954640536092691
1,1,0.5171358857146106
1,0,0.4848327634687597
0,0,0.28534615314186484
1,1,0.7018415441417257
1,1,0.5640438213523934
0,0,0.2175323973169926
0,0,0.30004159114247864
0,0,0.37686600099483536
1,0,0.4327031101414204
1,1,0.5639514259390896
1,0,0.4602309094723017
1,1,0.7368445441173064
0,1,0.6478127192937965
1,1,0.6722386132004999
0,1,0.5291002901740082
0,0,0.4461873001815062
1,1,0.7185351204207626
1,1,0.5209347862893583
1,1,0.667196975089269
0,0,0.41119071975472027
1,1,0.8089907872406752
1,1,0.6432743733754769
0,0,0.39687939275065437
0,0,0.32907332281502705
1,1,0.7171863668166713
1,1,0.5253676157346799
1,1,0.5635292170623463
1,1,0.6065841098302635
1,1,0.6247798108064471
1,1,0.5237176731699642
1,1,0.5709446099533045
1,0,0.4030954141222861
0,0,0.39543815338191435
0,0,0.3530196008136133
0,0,0.3366279374644901
1,0,0.45044158654150906
0,0,0.44131990620916883
1,1,0.6363788800284957
0,0,0.37886844478200743
0,0,0.47843075390201173
1,0,0.4141583790761391
1,0,0.4695774297193532
1,0,0.3091363038963155
1,1,0.7253488659804427
1,1,0.8361083683169349
1,1,0.6213341990053197
0,0,0.3673291030660279
0,1,0.5346852533145998
0,0,0.33770627510935414
0,1,0.6679376361303129
1,0,0.46802978160512493
0,0,0.4895587098465483
1,1,0.7275285349768156
1,0,0.44620643271640037
0,1,0.5205456189250794
1,1,0.7073650656623467
1,1,0.6984314476632615
0,0,0.31776353480139635
0,0,0.4407459052470435
0,1,0.5314155314556492
1,0,0.3400947129331033
0,0,0.31699222513226194
0,0,0.2170215229916055
0,0,0.3903178356818633
1,1,0.757260143984199
0,0,0.36569196991411784
0,1,0.686349954362523
1,1,0.5802586719895938
0,0,0.4444412005982694
1,1,0.5279768052254487
0,0,0.21440973289038767
0,1,0.5002523328146213
0,0,0.41560942009153373
1,1,0.6077336522987737
0,1,0.5102319786646805
0,0,0.468145825336863
0,0,0.16026957770767614
1,1,0.6082640652319908
1,1,0.5095743118873022
0,0,0.4475068610021319
0,1,0.7075907268743795
0,0,0.37984688624250795
1,1,0.5018589595236801
0,1,0.6107657093790287
1,0,0.38355784865247217
1,0,0.4426891049838275
1,1,0.7712790321955224
0,0,0.42187769601256336
1,1,0.7504687712724478
1,1,0.6878345504356724
1,1,0.6827710650166078
1,1,0.8124925100167194
0,0,0.27622094690208265
0,1,0.5210221648405478
0,0,0.31710469640815914
1,1,0.702375038442315
0,0,0.3483490856547404
0,0,0.38302715420384936
1,1,0.6505658884167603
1,1,0.733318530334078
1,1,0.5863914708101318
1,1,0.5591523203732892
1,1,0.6433993463922217
1,1,0.7668350342408331
1,1,0.6073133306226073
0,0,0.369283694035104
1,1,0.7500169942378843
1,1,0.6539982565486411
0,0,0.3919280873675139
1,1,0.6582955733976208
0,0,0.4250926408329137
1,1,0.5472471660639603
1,0,0.48265835972717386
0,0,0.4866676093265984
0,0,0.2801772595484254
0,0,0.2763387052460906
1,1,0.7117209396340404
1,1,0.8387042243579882
1,1,0.7203732006011805
1,1,0.7987581833142205
0,1,0.5426052562421894
0,0,0.38798904466900763
1,1,0.7022692856848145
1,1,0.5356351496912215
1,0,0.33010962372092784
0,0,0.4413449405308891
0,0,0.4089635398961145
1,0,0.45656844570512756
1,0,0.3923400502617104
1,0,0.4106950022548652
0,0,0.3101430052837445
0,0,0.45274481314943343
1,1,0.7095396711866014
1,0,0.38615065912517127
0,0,0.2643010415150291
0,0,0.3045891004088473
1,1,0.6254192653863205
1,1,0.7330801867589531
0,0,0.3717573041311591
0,0,0.4130574261378676
1,1,0.5695638005467029
0,0,0.43694991979876746
1,1,0.6177281961579338
0,0,0.28663274461938065
1,1,0.5778024626296091
1,1,0.7472693992507647
0,0,0.421405365585188
1,0,0.4207057406805661
0,0,0.37932381545541843
1,0,0.3578546340470141
1,1,0.7047010404310609
1,1,0.6795652774299025
1,1,0.6718465581825278
0,0,0.25024278319704196
0,0,0.3435501147782778
0,0,0.43194569116710446
0,1,0.5022469122990777
0,1,0.5518988808036833
1,1,0.7653545319685441
1,1,0.6826975830492921
1,1,0.6368087432936447
0,1,0.5204806499774033
0,0,0.33659246330024645
1,0,0.43756329689368706
0,0,0.427352481926158
1,1,0.6477565920863344
0,0,0.4324688426382525
0,1,0.596238628549666
1,1,0.6361990629874958
0,0,0.4443221548671959
0,0,0.4105010843910096
1,1,0.54453366665446
1,0,0.3672874788371616
1,0,0.35920760496569054
1,1,0.6184075874810049
1,1,0.5863702686343913
0,0,0.331558887663357
1,1,0.7211060964145141
0,0,0.2689294725854268
1,1,0.563554656705204
0,0,0.46250248141187944
1,0,0.42405086831526084
1,0,0.3587437371515733
0,0,0.20001248715559083
1,1,0.7728938862230815
1,1,0.6209633805252265
1,1,0.556474643902225
1,1,0.6140280642760426
0,0,0.41141457713903457
0,0,0.3357089047434074
1,0,0.4223040551677849
1,1,0.8081856123685085
1,1,0.7512944892836703
0,0,0.32425110306477395
1,1,0.6365329299763152
0,0,0.36647262410918147
0,0,0.32225336191621345
1,1,0.7325066996005417
1,1,0.6107577193959656
1,1,0.5999577664496178
0,0,0.41013710469234643
1,1,0.5052806527741528
1,1,0.6520675024928316
0,0,0.3498898302528523
0,0,0.44222232343949064
1,1,0.6073184598787708
1,1,0.5482930005386534
1,0,0.44097500853905575
0,0,0.3114719489797198
1,1,0.6282568971671063
0,0,0.24446410978887287
1,1,0.6328915120203151
1,1,0.7411905442542022
1,1,0.7171964702416805
1,1,0.5424859986593885
1,1,0.6424639044152457
1,1,0.7174152850948144
1,0,0.3964422659111857
1,1,0.6833281664834611
0,0,0.3170711754068885
0,0,0.3963746105372668
1,1,0.705004520253332
0,0,0.4584589955872833
0,1,0.5042505179714116
1,1,0.7181173208185173
0,1,0.5775560104341626
1,1,0.6236060451022607
1,1,0.592288927644589
0,1,0.6900870126668665
0,0,0.44738587006279645
0,0,0.4321419362694366
0,0,0.30613074194324125
1,1,0.6205363288599316
1,1,0.8045583642491106
0,0,0.4853358992711048
1,1,0.6880345815721088
1,1,0.5807019370072707
0,0,0.3660271774466035
1,0,0.47978167603519517
1,1,0.7385749085681985
1,1,0.669358726357534
1,1,0.7073893107381111
1,1,0.5115786077487783
1,1,0.6323149718300357
0,0,0.3812450191109371
1,1,0.6717957826762198
1,1,0.8118695610511221
1,0,0.37590456274153333
0,0,0.4313274530954091
1,0,0.35626807613294986
1,1,0.790738167398309
1,1,0.6250381375017094
0,0,0.44208457746986984
1,1,0.6946139376794462
1,1,0.777361725791312
0,0,0.41763331068719695
0,0,0.4580606536502895
1,1,0.6848809582389306
0,0,0.43109873622935685
0,0,0.41648524069862347
1,1,0.6442463130673698
1,1,0.6036583019459458
1,1,0.6548370305955693
0,0,0.21530496964317844
1,1,0.7260768793124387
1,1,0.6877982474962604
0,0,0.23555259818690974
0,1,0.5871794051282868
1,0,0.44380809916360353
1,0,0.3787540989253276
0,0,0.3690195698676313
1,1,0.8190678999371563
1,1,0.6777227311325464
1,1,0.7701099758927938
1,1,0.5228970769890569
0,0,0.4498035630513902
0,0,0.34809052787306627
0,0,0.33927711333049865
1,1,0.6558840284242587
1,1,0.6994801010610675
1,1,0.6073045568758271
0,0,0.3629031061711177
1,1,0.7837955898063242
1,1,0.6962181968473434
0,0,0.431978066047671
1,1,0.6592241509319001
1,1,0.5604003580719865
1,1,0.7881881960694179
1,1,0.5459245427785233
0,0,0.42710205090687436
1,0,0.455491941602627
1,1,0.6704322650941609
0,0,0.4192084422200148
0,0,0.42692780875653524
0,0,0.3381569615231097
1,1,0.6821417417000647
1,1,0.6232201359379339
0,0,0.14920402404420627
1,1,0.5776035412707955
1,0,0.37316625512383256
1,1,0.6443341325124375
0,0,0.38597761285847176
0,0,0.29168561334597803
1,1,0.8358146514494412
1,1,0.5477863625803814
0,0,0.37341787596209264
1,0,0.4857101107314673
1,1,0.5507526814882389
1,1,0.534167031178281
0,0,0.4471742436125987
1,1,0.7780186396425952
0,1,0.5579613608163405
1,1,0.6331521336328533
0,1,0.5359564323543428
1,1,0.6432892316254525
1,1,0.7374931143729477
0,0,0.4735197831803895
1,1,0.7104606597979081
0,0,0.21747658512221246
0,0,0.41081637475012445
1,1,0.6795388405399814
0,0,0.4809546694498229
0,0,0.44641290619051005
0,1,0.5088563502074009
0,0,0.4438797574919801
0,0,0.35535853685945007
1,1,0.5706333750565659
1,1,0.7360045720759025
1,1,0.6586083866402639
0,1,0.5738800327630592
1,1,0.7352907265658527
0,0,0.4572941190246631
0,0,0.3826578978132095
1,1,0.7112357100890411
1,1,0.7660174141355475
1,0,0.3654564322623859
1,0,0.3446482392674184
1,1,0.5756523343105279
0,0,0.3401627737369106
0,0,0.43613794990426613
1,1,0.6917543701562389
0,0,0.30558262134612535
0,0,0.31320483728804893
1,1,0.7269168724108255
1,1,0.8373596299578254
0,0,0.44393220306162073
1,1,0.6180656346613819
1,1,0.636527427472032
1,1,0.71479303333216
1,0,0.4472274233910948
0,1,0.5109024574462738
1,1,0.6923307553317392
1,1,0.8138046714440399
0,1,0.5289689867960885
0,1,0.7639554166397096
1,1,0.6347408108936288
0,0,0.38543280533633373
0,0,0.3680492260510443
1,1,0.7706525181390548
1,1,0.638602129021841
0,0,0.2779002283984831
1,1,0.5961169000950926
0,0,0.3963619285168976
0,0,0.1796915950326463
0,1,0.593694121895763
0,1,0.5198854076908799
0,0,0.38229892738200666
0,0,0.49951621446473227
0,0,0.35141435912094693
1,1,0.5523607512631444
1,1,0.695750633568698
1,0,0.40709682698299965
1,1,0.565692993532274
1,1,0.6971491725046465
1,0,0.4424444947252667
0,1,0.6249721449951507
1,1,0.6654752159291788
1,1,0.6649580181279815
1,0,0.28445762702535266
1,1,0.6308158828827594
1,1,0.7091860275498398
1,1,0.6175473533482531
1,1,0.5537205948604084
0,0,0.38089110845535373
0,0,0.31652708282795866
1,0,0.46524768976158454
0,0,0.4775455967760908
1,0,0.33764361682450905
1,1,0.5080409185677034
1,0,0.4361478000691328
0,0,0.3743190161634645
1,0,0.4780753321384232
0,0,0.34988007506368207
1,1,0.5052877905888191
1,1,0.554922994635876
0,0,0.3092248900495898
1,1,0.704995610797798
0,0,0.44132547390915894
0,1,0.5968715003119397
0,0,0.3475010962365681
1,0,0.4321734517010387
1,1,0.5577539154657294
0,0,0.4259956055595407
0,0,0.28776851644503354
0,0,0.39908058333754326
0,0,0.32205590226680586
1,1,0.5483110283543907
0,0,0.27316994094139047
0,0,0.44406776760887523
1,1,0.7513126404341414
1,1,0.6131687546189863
1,0,0.42483669000829044
0,0,0.3714425937537996
0,0,0.3220825098100405
0,0,0.3758533621116476
0,0,0.4737415288826298
0,0,0.38194605361869455
0,0,0.37331514743730343
0,0,0.3491513752188815
0,0,0.35697904764167404
0,0,0.3010076954444403
0,0,0.4598021883952716
1,1,0.5268166016014029
0,0,0.3754893568184371
1,1,0.572721198950693
0,0,0.2806258966844465
0,1,0.6073042647160891
1,1,0.701465321859398
1,0,0.4583803120665116
1,1,0.5458086980225983
1,1,0.7489075036722794
0,0,0.45910091008261183
1,1,0.732651902720295
1,0,0.3460678840647819
1,1,0.6537553798079502
1,1,0.7303002166982396
1,1,0.5832050221584815
0,0,0.2953754258190963
1,1,0.7766876841848194
1,1,0.8010028259334265
0,0,0.42285552126348586
0,0,0.3140109338659395
0,0,0.3690491682504951
0,0,0.4218441076219229
0,0,0.10557915170855442
1,1,0.649508369540996
1,0,0.3506371658340527
0,0,0.31597876456715485
1,1,0.557595920868652
1,1,0.5109083192590979
0,0,0.2769299957878065
1,1,0.7336341409555067
0,0,0.34622238224894114
0,0,0.2825417250617139
1,0,0.39539706606837227
1,1,0.6009850498516026
0,0,0.3178251599437013
0,0,0.35158916284543656
0,0,0.33622111744749555
0,0,0.4513589953082945
1,1,0.5343599052789554
1,0,0.40094621523165247
1,1,0.5891961697119457
0,1,0.6245807711743728
0,0,0.3607302515999966
1,1,0.6739736246407656
0,0,0.3602326510288977
1,1,0.5616980731128638
1,0,0.4976853685907548
0,0,0.37020266199147245
1,1,0.6632906414094549
0,0,0.47336072492812986
0,0,0.4168957066481536
0,0,0.3820316015596576
1,1,0.7462386437736208
1,1,0.5839840844921852
0,0,0.40231453983544263
1,1,0.6766233651177458
1,1,0.7408016603608901
0,1,0.52617840797383
1,1,0.7525713309765378
0,0,0.49134928780219567
0,0,0.43012982544778766
1,1,0.6476559567716045
0,0,0.3047416599165691
1,1,0.7243768676486632
1,1,0.7220028259784875
1,1,0.7185029433299749
0,0,0.49141373647001624
1,1,0.5335659628544352
1,1,0.514248078428891
0,1,0.5436558005178823
1,1,0.6897150746070102
0,0,0.46339397125996074
0,0,0.32246956464640464
0,0,0.38931119600080666
1,1,0.5113865395503207
1,1,0.6893791004120192
0,0,0.37070499050974676
1,0,0.4426096972831906
1,1,0.6300058890496372
1,1,0.5944463756749125
1,1,0.7759678053664217
1,0,0.3832385965561896
1,1,0.755799047429775
1,0,0.44339279350711974
0,0,0.393902127578311
1,1,0.6898214143997881
1,0,0.41907198835715265
0,0,0.30824494739367514
1,0,0.4845734606262075
0,1,0.5135214537073737
1,1,0.5785759133479798
0,0,0.3497171765636589
0,1,0.6043442696009086
1,1,0.6991520780625801
1,0,0.4998825762983447
1,1,0.5420837721181381
0,0,0.37074765791624936
1,0,0.4976196734024543
1,1,0.606772080186424
1,1,0.6299336985589171
1,0,0.40211051676077325
0,0,0.45708003984576917
0,0,0.26428671554116046
0,0,0.4162204675592303
1,0,0.4664470806516416
1,1,0.7404232161476006
1,1,0.5026145899200922
0,0,0.1359597711713108
1,1,0.7541059353735429
1,1,0.6184512538514992
1,1,0.5128701948318972
0,1,0.5072966822890972
0,0,0.47305075342325414
1,1,0.590791354892268
0,0,0.44940655003018437
0,0,0.41494607953690177
1,0,0.31403967105808234
0,0,0.3284284601480548
0,0,0.38302684389071345
1,0,0.4724460218275561
1,1,0.6412283787584159
1,1,0.6625659059937576
1,1,0.5537528326654685
0,0,0.32584344464784143
0,0,0.2632651659712391
1,1,0.705175246612864
0,1,0.5841667688222091
1,1,0.6071431758922694
0,0,0.31934736238093003
1,1,0.7065553862222609
0,0,0.3950105244920239
1,1,0.6172009189313556
1,1,0.6634182992310338
0,0,0.4052588240146403
1,1,0.8146772147356337
1,1,0.6232413059170762
1,1,0.6554534671145494
1,1,0.7457682568302255
1,1,0.5202206600926053
0,0,0.4158869136161848
0,1,0.6291356390734048
0,0,0.28142739778568715
1,1,0.6151781457124994
0,0,0.36521909306091627
0,0,0.273048819232457
1,1,0.6751214725305174
1,1,0.7289369536763207
0,0,0.499592061108013
0,0,0.46593902856929165
0,0,0.2396542767383018
1,1,0.724626080386544
1,0,0.45364372999755176
1,1,0.6316012048646171
1,1,0.7175538430882942
1,1,0.6326101747448754
0,0,0.24117079631775176
0,0,0.3883748704941297
0,0,0.35537099031891495
0,0,0.42393165580835174
0,1,0.5015392939353059
1,0,0.4449880673455551
1,0,0.3914230613720717
0,0,0.36064964549384143
1,1,0.6733051842683111
0,0,0.46481638483842347
1,1,0.5289876695989397
1,1,0.7523810370168271
1,0,0.49012916110465116
0,0,0.4204773570619356
0,1,0.6169230886966001
1,1,0.5152663787683605
0,0,0.3560883244985115
1,1,0.7850783758877976
0,0,0.34255568005963766
1,0,0.3824238669289468
1,1,0.6428886152485866
0,0,0.33139413569681797
1,1,0.624256096543195
0,1,0.5178688173181888
0,0,0.3275452263712718
0,0,0.39886911625712257
1,1,0.6836583591913796
0,0,0.3519076657903335
1,0,0.4228238580413647
1,1,0.6540643629657384
0,1,0.6061145821937942
0,0,0.2763670703656016
1,0,0.3570441578757631
0,0,0.31900860052036545
1,1,0.6324071344926112
0,0,0.35979187385075334
0,0,0.31344208482386665
1,1,0.7430063353476024
1,1,0.6887309786389602
1,1,0.6846189224608591
1,1,0.5692022024727657
1,1,0.7072004754617798
1,0,0.4667317645715463
0,0,0.3207892469155351
0,0,0.42948487412573166
1,0,0.4533315188724908
0,1,0.5696202575594076
0,0,0.43048228170533
1,1,0.5982652227750848
1,1,0.6201389981463111
0,0,0.3786110952561847
1,1,0.6852137203832285
0,0,0.4216643905487997
1,1,0.659862368721889
0,0,0.41859224666511546
1,1,0.6286256760797232
1,1,0.7092490910978347
0,0,0.4532443454927322
0,0,0.4168629553869203
1,1,0.7499605284148099
1,1,0.603099348349948
1,1,0.6530823799710567
0,0,0.3350930616733984
1,1,0.5216254807934445
1,1,0.5224661267385536
0,1,0.5651769394890601
1,1,0.5183997776855809
0,0,0.40268242175266633
1,1,0.5956346398401616
1,1,0.5756658268939241
0,0,0.3102169182184705
1,1,0.6893015869604976
0,0,0.4160284378030324
1,1,0.726133755785627
1,0,0.36734612706933
1,0,0.3467702575763548
1,1,0.6626671087194942
1,1,0.6176408549783591
0,1,0.5099161550950976
0,0,0.33452688912628
0,0,0.36103987677906324
0,0,0.37956804914736486
1,1,0.5533707033102034
1,1,0.7181919182907883
1,1,0.7724145399324803
0,0,0.2932684190347851
1,1,0.688241634906922
0,0,0.331137966124964
0,0,0.4037168777874339
0,0,0.4016779742545783
1,1,0.5976188521161772
0,0,0.3876513137425553
0,0,0.42196561599763704
0,1,0.5188410519623228
1,1,0.557738130945129
1,1,0.6444348396842259
0,0,0.2326726137996368
1,1,0.5864319597728314
0,1,0.7292456371958005
0,1,0.6735359996702691
1,1,0.5755639850062124
0,0,0.38549487913566394
0,1,0.6966335028596241
1,0,0.35609069924623626
0,0,0.30236342316179693
1,1,0.522969552751686
1,1,0.7278012772854329
1,1,0.674401760838385
0,0,0.45069009515466485
1,0,0.29050303465184674
1,1,0.5186983111509857
0,0,0.3501550582235723
1,0,0.4252105878598954
1,1,0.6116561217831064
0,0,0.4219397779675863
1,1,0.5952133533573224
1,1,0.6847070030636491
1,1,0.6969532622216335
1,1,0.5922577949131477
0,0,0.4772122304016741
0,0,0.4004200600459275
1,1,0.6448261568536229
1,0,0.3299650605411457
1,0,0.440018671945407
1,1,0.5602417189653819
1,1,0.7654503255806258
1,1,0.7960648428066095
1,0,0.3881008723641064
1,1,0.5950571370060647
0,0,0.48010857588584727
1,1,0.7793564190246336
1,1,0.6671307677040283
0,0,0.39675715796183175
0,0,0.28843527409257047
1,1,0.545244183232152
0,0,0.2824768504911776
0,0,0.4109491200916073
1,1,0.6558259215612258
0,1,0.5288187039304625
