protein,n_samples,status,cv_results,avg_rmse,avg_r2,avg_mae
CYP1A2,339,success,"[{'fold': 1, 'mse': 0.5326381661890207, 'rmse': 0.7298206397389846, 'mae': 0.519002048319328, 'r2': 0.5408969228461307, 'n_train': 271, 'n_test': 68}, {'fold': 2, 'mse': 0.7403311973094762, 'rmse': 0.8604250096954854, 'mae': 0.6559559803921567, 'r2': 0.261162500393586, 'n_train': 271, 'n_test': 68}, {'fold': 3, 'mse': 0.36328534289656844, 'rmse': 0.6027315678613229, 'mae': 0.44011102941176483, 'r2': 0.6196874024875771, 'n_train': 271, 'n_test': 68}, {'fold': 4, 'mse': 0.43432886294934697, 'rmse': 0.6590363138320581, 'mae': 0.4936264705882356, 'r2': 0.5996532273877762, 'n_train': 271, 'n_test': 68}, {'fold': 5, 'mse': 0.43314264454809337, 'rmse': 0.6581357341370345, 'mae': 0.5047982587064678, 'r2': 0.5926111806620575, 'n_train': 272, 'n_test': 67}]",0.702029853052977,0.5228022467554255,0.5226987574835906
CYP2B6,33,success,"[{'fold': 1, 'mse': 0.10529074179300242, 'rmse': 0.3244853491191897, 'mae': 0.27541768707482955, 'r2': 0.7877464071856046, 'n_train': 26, 'n_test': 7}, {'fold': 2, 'mse': 0.3929708673048287, 'rmse': 0.6268738846888015, 'mae': 0.4877530612244909, 'r2': 0.18755372556953487, 'n_train': 26, 'n_test': 7}, {'fold': 3, 'mse': 0.5475506482102382, 'rmse': 0.7399666534447604, 'mae': 0.6643292517006811, 'r2': -0.06854256200684139, 'n_train': 26, 'n_test': 7}, {'fold': 4, 'mse': 0.15635156083049837, 'rmse': 0.395413152070715, 'mae': 0.32910198412698327, 'r2': 0.7459029510329754, 'n_train': 27, 'n_test': 6}, {'fold': 5, 'mse': 0.25854926356387137, 'rmse': 0.5084773972989078, 'mae': 0.4802261904761919, 'r2': 0.22508353672060577, 'n_train': 27, 'n_test': 6}]",0.5190432873244749,0.37554881170037585,0.44736563492063536
CYP2C9,466,success,"[{'fold': 1, 'mse': 0.29361772591817464, 'rmse': 0.5418650440083533, 'mae': 0.3933455864702681, 'r2': 0.4421988128149159, 'n_train': 372, 'n_test': 94}, {'fold': 2, 'mse': 0.22943186202637528, 'rmse': 0.4789904613104266, 'mae': 0.353039220922447, 'r2': 0.5422859273223728, 'n_train': 373, 'n_test': 93}, {'fold': 3, 'mse': 0.19680571124468893, 'rmse': 0.44362789727956575, 'mae': 0.3299612903225804, 'r2': 0.6305788893640636, 'n_train': 373, 'n_test': 93}, {'fold': 4, 'mse': 0.3164996776712408, 'rmse': 0.5625830406893197, 'mae': 0.4024681279294187, 'r2': 0.538705713718954, 'n_train': 373, 'n_test': 93}, {'fold': 5, 'mse': 0.2023375071406228, 'rmse': 0.44981941614454884, 'mae': 0.3424442652329755, 'r2': 0.5339112684410099, 'n_train': 373, 'n_test': 93}]",0.4953771718864429,0.5375361223322633,0.36425169817553793
CYP2C19,165,success,"[{'fold': 1, 'mse': 0.43410554765478526, 'rmse': 0.6588668664114058, 'mae': 0.4691802571166212, 'r2': 0.07672617645001945, 'n_train': 132, 'n_test': 33}, {'fold': 2, 'mse': 0.4662988340964067, 'rmse': 0.6828607721171328, 'mae': 0.474400964187329, 'r2': 0.27073558228269357, 'n_train': 132, 'n_test': 33}, {'fold': 3, 'mse': 0.28708444696448016, 'rmse': 0.5358026194080057, 'mae': 0.36816157024793356, 'r2': 0.13627504948576974, 'n_train': 132, 'n_test': 33}, {'fold': 4, 'mse': 0.30005622289979716, 'rmse': 0.547773879351505, 'mae': 0.4096260789715332, 'r2': 0.3921792842411188, 'n_train': 132, 'n_test': 33}, {'fold': 5, 'mse': 0.1960894296740031, 'rmse': 0.4428198614267467, 'mae': 0.27759401285583096, 'r2': 0.5706276849452583, 'n_train': 132, 'n_test': 33}]",0.5736247997429592,0.28930875548097196,0.39979257667584955
CYP2D6,607,success,"[{'fold': 1, 'mse': 0.441688305963044, 'rmse': 0.6645963481415197, 'mae': 0.4645370960397209, 'r2': 0.45003852347376083, 'n_train': 485, 'n_test': 122}, {'fold': 2, 'mse': 0.3987735675302725, 'rmse': 0.6314852076892004, 'mae': 0.4588090487102649, 'r2': 0.4672928395735968, 'n_train': 485, 'n_test': 122}, {'fold': 3, 'mse': 0.4089533616433072, 'rmse': 0.6394946142410484, 'mae': 0.49527185757871955, 'r2': 0.3844202356716381, 'n_train': 486, 'n_test': 121}, {'fold': 4, 'mse': 0.4208373109058059, 'rmse': 0.6487197475842753, 'mae': 0.4886708403684943, 'r2': 0.481061843316377, 'n_train': 486, 'n_test': 121}, {'fold': 5, 'mse': 0.40996414270871623, 'rmse': 0.6402844232907093, 'mae': 0.4791825858289645, 'r2': 0.3926814056410136, 'n_train': 486, 'n_test': 121}]",0.6449160681893507,0.43509896953527727,0.4772942857052328
CYP3A4,1387,success,"[{'fold': 1, 'mse': 0.2577601225237395, 'rmse': 0.5077008198966587, 'mae': 0.3580632600415622, 'r2': 0.5996958473394025, 'n_train': 1109, 'n_test': 278}, {'fold': 2, 'mse': 0.307444477767977, 'rmse': 0.5544767603497707, 'mae': 0.3784551681188743, 'r2': 0.554963813849771, 'n_train': 1109, 'n_test': 278}, {'fold': 3, 'mse': 0.2958920857043248, 'rmse': 0.5439596360984194, 'mae': 0.3734660878519148, 'r2': 0.628681027539661, 'n_train': 1110, 'n_test': 277}, {'fold': 4, 'mse': 0.21555686464660903, 'rmse': 0.4642810190462335, 'mae': 0.3367229425842492, 'r2': 0.6989538804871367, 'n_train': 1110, 'n_test': 277}, {'fold': 5, 'mse': 0.24483387391693984, 'rmse': 0.4948069056884108, 'mae': 0.36900437345321596, 'r2': 0.6181577641341768, 'n_train': 1110, 'n_test': 277}]",0.5130450282158986,0.6200904666700296,0.36314236640996334
AOX1,17,success,"[{'fold': 1, 'mse': 0.4072672781330253, 'rmse': 0.6381749588733683, 'mae': 0.46999749999999985, 'r2': 0.27161244665740514, 'n_train': 13, 'n_test': 4}, {'fold': 2, 'mse': 2.313534771152158, 'rmse': 1.5210308251814484, 'mae': 1.333011944444445, 'r2': -1.037234801234702, 'n_train': 13, 'n_test': 4}, {'fold': 3, 'mse': 3.3279165408296154, 'rmse': 1.824257805473123, 'mae': 1.4649866666666649, 'r2': -3.5199728998587974, 'n_train': 14, 'n_test': 3}, {'fold': 4, 'mse': 0.06917428855967062, 'rmse': 0.2630100541037749, 'mae': 0.2512518518518509, 'r2': 0.6949389469634282, 'n_train': 14, 'n_test': 3}, {'fold': 5, 'mse': 0.7887480488888983, 'rmse': 0.8881148849607793, 'mae': 0.7506444444444487, 'r2': -0.23152084244128912, 'n_train': 14, 'n_test': 3}]",1.0269177057184988,-0.764435429982791,0.8539784814814819
XDH,98,success,"[{'fold': 1, 'mse': 0.145809399416667, 'rmse': 0.38184996977434343, 'mae': 0.27566333333333304, 'r2': 0.77728947888862, 'n_train': 78, 'n_test': 20}, {'fold': 2, 'mse': 0.21542784184722102, 'rmse': 0.46414204921254554, 'mae': 0.2713991666666661, 'r2': 0.6400382734109588, 'n_train': 78, 'n_test': 20}, {'fold': 3, 'mse': 0.3181063726249997, 'rmse': 0.5640091955145764, 'mae': 0.38252749999999935, 'r2': 0.4598148826848757, 'n_train': 78, 'n_test': 20}, {'fold': 4, 'mse': 0.1294997635380111, 'rmse': 0.3598607557625742, 'mae': 0.23865789473684162, 'r2': 0.7658234470157168, 'n_train': 79, 'n_test': 19}, {'fold': 5, 'mse': 0.07343544489766146, 'rmse': 0.2709897505398709, 'mae': 0.18430087719298308, 'r2': 0.752986819152877, 'n_train': 79, 'n_test': 19}]",0.4081703441607821,0.6791905802306097,0.27050975438596464
MAOA,1468,success,"[{'fold': 1, 'mse': 0.5098467376053614, 'rmse': 0.7140355296519644, 'mae': 0.5201464916741108, 'r2': 0.6139624678770899, 'n_train': 1174, 'n_test': 294}, {'fold': 2, 'mse': 0.4924564715348701, 'rmse': 0.7017524289483222, 'mae': 0.5318671958408185, 'r2': 0.6535141646875777, 'n_train': 1174, 'n_test': 294}, {'fold': 3, 'mse': 0.4335047133081734, 'rmse': 0.6584107481718182, 'mae': 0.4781305705549174, 'r2': 0.6825404827693591, 'n_train': 1174, 'n_test': 294}, {'fold': 4, 'mse': 0.5066919351120619, 'rmse': 0.7118229661313703, 'mae': 0.494057461987829, 'r2': 0.646008509676106, 'n_train': 1175, 'n_test': 293}, {'fold': 5, 'mse': 0.4761629963419797, 'rmse': 0.6900456480132164, 'mae': 0.4990649614243361, 'r2': 0.6782462616370977, 'n_train': 1175, 'n_test': 293}]",0.6952134641833383,0.654854377329446,0.5046533362964023
MAOB,1796,success,"[{'fold': 1, 'mse': 0.5718430384692681, 'rmse': 0.7562030405051728, 'mae': 0.5434027995625635, 'r2': 0.6194317397848126, 'n_train': 1436, 'n_test': 360}, {'fold': 2, 'mse': 0.5038511515324272, 'rmse': 0.7098247329675313, 'mae': 0.5477867928002457, 'r2': 0.6881626473132199, 'n_train': 1437, 'n_test': 359}, {'fold': 3, 'mse': 0.5941572347615841, 'rmse': 0.7708159538836649, 'mae': 0.5559142480621243, 'r2': 0.6464733095374691, 'n_train': 1437, 'n_test': 359}, {'fold': 4, 'mse': 0.6324101424454767, 'rmse': 0.7952421910622428, 'mae': 0.584177700658331, 'r2': 0.6223856776359289, 'n_train': 1437, 'n_test': 359}, {'fold': 5, 'mse': 0.626544023650638, 'rmse': 0.7915453389734779, 'mae': 0.5811857019580056, 'r2': 0.633882936043091, 'n_train': 1437, 'n_test': 359}]",0.7647262514784179,0.6420672620629043,0.562493448608254
ALDH1A1,150,success,"[{'fold': 1, 'mse': 0.30724541329861105, 'rmse': 0.5542972246896164, 'mae': 0.4558547222222217, 'r2': 0.5624392117779153, 'n_train': 120, 'n_test': 30}, {'fold': 2, 'mse': 0.26869089809825286, 'rmse': 0.5183540277631233, 'mae': 0.40447851851851985, 'r2': 0.7596898475393595, 'n_train': 120, 'n_test': 30}, {'fold': 3, 'mse': 0.5088457020990231, 'rmse': 0.7133342148663718, 'mae': 0.5203349074074074, 'r2': 0.4910115138884553, 'n_train': 120, 'n_test': 30}, {'fold': 4, 'mse': 0.3005341252201663, 'rmse': 0.5482099280569135, 'mae': 0.4056557407407418, 'r2': 0.6650890613928926, 'n_train': 120, 'n_test': 30}, {'fold': 5, 'mse': 0.28494749412500026, 'rmse': 0.533804734078858, 'mae': 0.4292677777777773, 'r2': 0.6201827451752797, 'n_train': 120, 'n_test': 30}]",0.5736000258909766,0.6196824759547805,0.4431183333333336
ADH1A,0,no_activities,,,,
HSD11B1,2725,success,"[{'fold': 1, 'mse': 0.5271573704873488, 'rmse': 0.7260560381178224, 'mae': 0.547581354022532, 'r2': 0.5229583946586768, 'n_train': 2180, 'n_test': 545}, {'fold': 2, 'mse': 0.5218445800530275, 'rmse': 0.7223881090196789, 'mae': 0.54933170561019, 'r2': 0.5088575209279437, 'n_train': 2180, 'n_test': 545}, {'fold': 3, 'mse': 0.4786061983929397, 'rmse': 0.6918137020852794, 'mae': 0.5105372363186252, 'r2': 0.4978496616482255, 'n_train': 2180, 'n_test': 545}, {'fold': 4, 'mse': 0.5175845836221459, 'rmse': 0.7194335157762293, 'mae': 0.5390094748507356, 'r2': 0.5311721921261321, 'n_train': 2180, 'n_test': 545}, {'fold': 5, 'mse': 0.4835320776660189, 'rmse': 0.6953647083840385, 'mae': 0.5180955207732637, 'r2': 0.49926356293571317, 'n_train': 2180, 'n_test': 545}]",0.7110112146766097,0.5120202664593382,0.5329110583150694
AKR7A3,0,no_activities,,,,
FMO1,0,no_activities,,,,
AHR,31,success,"[{'fold': 1, 'mse': 0.6862184899999997, 'rmse': 0.8283830575283392, 'mae': 0.5544857142857147, 'r2': 0.38984869911883413, 'n_train': 24, 'n_test': 7}, {'fold': 2, 'mse': 0.8017766174999963, 'rmse': 0.8954197995912287, 'mae': 0.7294499999999959, 'r2': 0.48158480691413086, 'n_train': 25, 'n_test': 6}, {'fold': 3, 'mse': 3.204332058333335, 'rmse': 1.7900648195898758, 'mae': 1.422950000000003, 'r2': 0.22397361108284708, 'n_train': 25, 'n_test': 6}, {'fold': 4, 'mse': 1.1213828254166693, 'rmse': 1.0589536464910394, 'mae': 0.9417083333333359, 'r2': 0.37314392899733395, 'n_train': 25, 'n_test': 6}, {'fold': 5, 'mse': 2.138067624999994, 'rmse': 1.4622132624894337, 'mae': 1.0187166666666634, 'r2': 0.04616908995602298, 'n_train': 25, 'n_test': 6}]",1.2070069171379834,0.3029440272138338,0.9334621428571426
NR1I3,59,success,"[{'fold': 1, 'mse': 0.6982518051851851, 'rmse': 0.8356146271967629, 'mae': 0.6980277777777774, 'r2': 0.15005984809293393, 'n_train': 47, 'n_test': 12}, {'fold': 2, 'mse': 0.33391706925925907, 'rmse': 0.577855578202079, 'mae': 0.41542777777777723, 'r2': 0.5316075228272278, 'n_train': 47, 'n_test': 12}, {'fold': 3, 'mse': 0.5838843383564809, 'rmse': 0.7641232481455337, 'mae': 0.550109722222222, 'r2': 0.5329701081690694, 'n_train': 47, 'n_test': 12}, {'fold': 4, 'mse': 0.6842286996759266, 'rmse': 0.8271811770561069, 'mae': 0.7001333333333338, 'r2': 0.2179999833063574, 'n_train': 47, 'n_test': 12}, {'fold': 5, 'mse': 0.609584847979799, 'rmse': 0.7807591485085519, 'mae': 0.6326121212121225, 'r2': 0.518115374327047, 'n_train': 48, 'n_test': 11}]",0.757106755821807,0.39015056734452713,0.5992621464646466
NR1I2,344,success,"[{'fold': 1, 'mse': 0.37497062125519515, 'rmse': 0.612348447581273, 'mae': 0.4743826673567985, 'r2': 0.5209648577623363, 'n_train': 275, 'n_test': 69}, {'fold': 2, 'mse': 0.27987567003218267, 'rmse': 0.5290327683916968, 'mae': 0.39542881815044845, 'r2': 0.6740349316399127, 'n_train': 275, 'n_test': 69}, {'fold': 3, 'mse': 0.36886566444371705, 'rmse': 0.6073431192034014, 'mae': 0.4482641632160109, 'r2': 0.5649718025330714, 'n_train': 275, 'n_test': 69}, {'fold': 4, 'mse': 0.23121954041039872, 'rmse': 0.4808529301256245, 'mae': 0.36446019668737106, 'r2': 0.7334219359340652, 'n_train': 275, 'n_test': 69}, {'fold': 5, 'mse': 0.3649520964669222, 'rmse': 0.6041126521327973, 'mae': 0.45281706057423027, 'r2': 0.3919814446310613, 'n_train': 276, 'n_test': 68}]",0.5667379834869586,0.5770749945000894,0.42707058119697183
SULT1A1,6,insufficient_data,[],,,
GSTA1,6,insufficient_data,[],,,
OXA1L,0,no_activities,,,,
ORM1,0,no_activities,,,,
KCNH2,4492,success,"[{'fold': 1, 'mse': 0.31404818645763866, 'rmse': 0.5604000236060297, 'mae': 0.42209008644704715, 'r2': 0.6557063218323477, 'n_train': 3593, 'n_test': 899}, {'fold': 2, 'mse': 0.38895012129807643, 'rmse': 0.6236586576790837, 'mae': 0.45483621888760933, 'r2': 0.5401299499713741, 'n_train': 3593, 'n_test': 899}, {'fold': 3, 'mse': 0.3643148773615522, 'rmse': 0.6035850208227108, 'mae': 0.4457015951996841, 'r2': 0.5993918557597944, 'n_train': 3594, 'n_test': 898}, {'fold': 4, 'mse': 0.3570702497898363, 'rmse': 0.5975535539094687, 'mae': 0.4209124192344404, 'r2': 0.6153508630676576, 'n_train': 3594, 'n_test': 898}, {'fold': 5, 'mse': 0.3283383126361463, 'rmse': 0.5730081261519302, 'mae': 0.4212004636269447, 'r2': 0.6189820774137049, 'n_train': 3594, 'n_test': 898}]",0.5916410764338448,0.6059122136089756,0.43294815667914516
SCN5A,329,success,"[{'fold': 1, 'mse': 0.29590497486514084, 'rmse': 0.5439714835036308, 'mae': 0.41689158008658006, 'r2': 0.2364218238760717, 'n_train': 263, 'n_test': 66}, {'fold': 2, 'mse': 0.2740609536484431, 'rmse': 0.5235083128742495, 'mae': 0.3996624494949497, 'r2': 0.4633930537538766, 'n_train': 263, 'n_test': 66}, {'fold': 3, 'mse': 0.2580493621510351, 'rmse': 0.5079855924640334, 'mae': 0.39932877344877316, 'r2': 0.42677030563963514, 'n_train': 263, 'n_test': 66}, {'fold': 4, 'mse': 0.19946129179237845, 'rmse': 0.44661089529072, 'mae': 0.35237732323232385, 'r2': 0.567437117204481, 'n_train': 263, 'n_test': 66}, {'fold': 5, 'mse': 0.3313668894983648, 'rmse': 0.575644759811435, 'mae': 0.4010426190476195, 'r2': 0.39428700374832004, 'n_train': 264, 'n_test': 65}]",0.5195442087888138,0.4176618608444769,0.3938605490620492
CACNB1,0,no_activities,,,,
CAV1,0,no_activities,,,,
HTR2B,1215,success,"[{'fold': 1, 'mse': 0.5092729347031144, 'rmse': 0.7136336137704798, 'mae': 0.5256271394277874, 'r2': 0.42514532624715284, 'n_train': 972, 'n_test': 243}, {'fold': 2, 'mse': 0.39039357238905986, 'rmse': 0.6248148304810472, 'mae': 0.47865943464628574, 'r2': 0.6016766825034252, 'n_train': 972, 'n_test': 243}, {'fold': 3, 'mse': 0.43298608709884223, 'rmse': 0.6580167832957168, 'mae': 0.4939986194395457, 'r2': 0.4762265328448615, 'n_train': 972, 'n_test': 243}, {'fold': 4, 'mse': 0.4356259682062373, 'rmse': 0.6600196725903231, 'mae': 0.49668764550264527, 'r2': 0.4234190047209281, 'n_train': 972, 'n_test': 243}, {'fold': 5, 'mse': 0.42605364337094426, 'rmse': 0.6527278478592317, 'mae': 0.4836271791103273, 'r2': 0.5034348783766289, 'n_train': 972, 'n_test': 243}]",0.6618425495993597,0.4859804849385993,0.4957200036253183
SLC6A4,4965,success,"[{'fold': 1, 'mse': 0.42525053786715394, 'rmse': 0.6521123659823926, 'mae': 0.4844469208131167, 'r2': 0.6841151755750093, 'n_train': 3972, 'n_test': 993}, {'fold': 2, 'mse': 0.4471430487259653, 'rmse': 0.6686875568798669, 'mae': 0.49673785475497373, 'r2': 0.6667288751190752, 'n_train': 3972, 'n_test': 993}, {'fold': 3, 'mse': 0.4398877610562227, 'rmse': 0.6632403493879294, 'mae': 0.5115406032998345, 'r2': 0.6780072690151586, 'n_train': 3972, 'n_test': 993}, {'fold': 4, 'mse': 0.44328122168901446, 'rmse': 0.6657936780182089, 'mae': 0.4824201859835243, 'r2': 0.6662082756407475, 'n_train': 3972, 'n_test': 993}, {'fold': 5, 'mse': 0.4878647652614076, 'rmse': 0.6984731671735197, 'mae': 0.5276055324964489, 'r2': 0.6510875891486617, 'n_train': 3972, 'n_test': 993}]",0.6696614234883835,0.6692294368997305,0.5005502194695797
DIDO1,0,no_activities,,,,
SLC6A3,2774,success,"[{'fold': 1, 'mse': 0.3723926992248398, 'rmse': 0.6102398702353361, 'mae': 0.460998181227856, 'r2': 0.6899600775395879, 'n_train': 2219, 'n_test': 555}, {'fold': 2, 'mse': 0.37578086202078603, 'rmse': 0.6130096753076464, 'mae': 0.45126043212468214, 'r2': 0.6709403331997343, 'n_train': 2219, 'n_test': 555}, {'fold': 3, 'mse': 0.33534747707064333, 'rmse': 0.5790919418111802, 'mae': 0.42623400310440324, 'r2': 0.686743470247108, 'n_train': 2219, 'n_test': 555}, {'fold': 4, 'mse': 0.36218953742984694, 'rmse': 0.601821848581328, 'mae': 0.46335472754431106, 'r2': 0.702246504311046, 'n_train': 2219, 'n_test': 555}, {'fold': 5, 'mse': 0.30189454153038653, 'rmse': 0.5494493075165229, 'mae': 0.40631472372372085, 'r2': 0.7497183519648476, 'n_train': 2220, 'n_test': 554}]",0.5907225286904028,0.6999217474524648,0.44163241354499466
SLC6A2,2022,success,"[{'fold': 1, 'mse': 0.3477613522715466, 'rmse': 0.5897129405664646, 'mae': 0.4479794831019462, 'r2': 0.6801441776256875, 'n_train': 1617, 'n_test': 405}, {'fold': 2, 'mse': 0.4033469651521782, 'rmse': 0.6350960282919255, 'mae': 0.4777871944519817, 'r2': 0.6188755370030192, 'n_train': 1617, 'n_test': 405}, {'fold': 3, 'mse': 0.38909549960597367, 'rmse': 0.6237751995759159, 'mae': 0.478300798660223, 'r2': 0.654936581349756, 'n_train': 1618, 'n_test': 404}, {'fold': 4, 'mse': 0.35335654188771626, 'rmse': 0.5944380050835547, 'mae': 0.4496650239137922, 'r2': 0.6609300214187814, 'n_train': 1618, 'n_test': 404}, {'fold': 5, 'mse': 0.43866777404694995, 'rmse': 0.662319993694098, 'mae': 0.48928840811210267, 'r2': 0.5619898311796307, 'n_train': 1618, 'n_test': 404}]",0.6210684334423917,0.6353752297153751,0.4686041816480092
NAT8,0,no_activities,,,,
ADRA1A,712,success,"[{'fold': 1, 'mse': 0.6034420009461701, 'rmse': 0.7768152939703041, 'mae': 0.5933418416305921, 'r2': 0.5844098462290936, 'n_train': 569, 'n_test': 143}, {'fold': 2, 'mse': 0.5050170053288348, 'rmse': 0.7106454849844857, 'mae': 0.5602577242202239, 'r2': 0.6198331273885994, 'n_train': 569, 'n_test': 143}, {'fold': 3, 'mse': 0.5092888397633168, 'rmse': 0.7136447573991677, 'mae': 0.5363345019561814, 'r2': 0.6291816243204436, 'n_train': 570, 'n_test': 142}, {'fold': 4, 'mse': 0.5072307043772489, 'rmse': 0.7122013088848187, 'mae': 0.5457353698580373, 'r2': 0.6404616401210365, 'n_train': 570, 'n_test': 142}, {'fold': 5, 'mse': 0.642544830574347, 'rmse': 0.80158894115023, 'mae': 0.6098344633076235, 'r2': 0.5636469962555674, 'n_train': 570, 'n_test': 142}]",0.7429791572778013,0.6075066468629481,0.5691007801945316
ADRA2A,565,success,"[{'fold': 1, 'mse': 0.6161241168064888, 'rmse': 0.7849357405587344, 'mae': 0.5585486403989327, 'r2': 0.6354427423088151, 'n_train': 452, 'n_test': 113}, {'fold': 2, 'mse': 0.569252950463274, 'rmse': 0.7544885356738523, 'mae': 0.4910264643910662, 'r2': 0.6096471993925728, 'n_train': 452, 'n_test': 113}, {'fold': 3, 'mse': 0.8606914803005089, 'rmse': 0.9277345958303532, 'mae': 0.6394636967973025, 'r2': 0.4678826768862039, 'n_train': 452, 'n_test': 113}, {'fold': 4, 'mse': 1.10902339638468, 'rmse': 1.0531017977311976, 'mae': 0.7031681649459186, 'r2': 0.40090201071693987, 'n_train': 452, 'n_test': 113}, {'fold': 5, 'mse': 0.5745264390641862, 'rmse': 0.7579752232521761, 'mae': 0.5491983568619191, 'r2': 0.6048589890807329, 'n_train': 452, 'n_test': 113}]",0.8556471786092628,0.543746723677053,0.5882810646790279
ADRB1,699,success,"[{'fold': 1, 'mse': 0.40278317284950865, 'rmse': 0.6346520092535032, 'mae': 0.45633336789493556, 'r2': 0.687421498848088, 'n_train': 559, 'n_test': 140}, {'fold': 2, 'mse': 0.5254884505293188, 'rmse': 0.7249058218343393, 'mae': 0.5296205255102037, 'r2': 0.6526390780003644, 'n_train': 559, 'n_test': 140}, {'fold': 3, 'mse': 0.45534328722586626, 'rmse': 0.6747912916049423, 'mae': 0.5065655619425548, 'r2': 0.6040256290300634, 'n_train': 559, 'n_test': 140}, {'fold': 4, 'mse': 0.607671811255462, 'rmse': 0.7795330725860591, 'mae': 0.5720487148526078, 'r2': 0.5780312868524806, 'n_train': 559, 'n_test': 140}, {'fold': 5, 'mse': 0.4717620374806971, 'rmse': 0.6868493557401777, 'mae': 0.5021258147482005, 'r2': 0.6149386794379788, 'n_train': 560, 'n_test': 139}]",0.7001463102038044,0.627411234433795,0.5133387969897004
ADRB2,880,success,"[{'fold': 1, 'mse': 0.7442065403713705, 'rmse': 0.8626740638105277, 'mae': 0.6167861187194185, 'r2': 0.7177844866821599, 'n_train': 704, 'n_test': 176}, {'fold': 2, 'mse': 0.8065922457426389, 'rmse': 0.8981048077716981, 'mae': 0.6515089540981921, 'r2': 0.6823806164147805, 'n_train': 704, 'n_test': 176}, {'fold': 3, 'mse': 0.7748284934522512, 'rmse': 0.8802434285197767, 'mae': 0.6457718419185198, 'r2': 0.7249750524564735, 'n_train': 704, 'n_test': 176}, {'fold': 4, 'mse': 0.8352212866272587, 'rmse': 0.9139044187590181, 'mae': 0.626624784524507, 'r2': 0.6926213136486672, 'n_train': 704, 'n_test': 176}, {'fold': 5, 'mse': 0.6678154558013959, 'rmse': 0.8171997649298463, 'mae': 0.5735270738115291, 'r2': 0.7238536188910266, 'n_train': 704, 'n_test': 176}]",0.8744252967581734,0.7083230176186215,0.6228437546144334
CNRIP1,0,no_activities,,,,
CNR2,4852,success,"[{'fold': 1, 'mse': 0.4940660319853255, 'rmse': 0.7028983084240035, 'mae': 0.5230020762554497, 'r2': 0.624477348749967, 'n_train': 3881, 'n_test': 971}, {'fold': 2, 'mse': 0.5563977713281056, 'rmse': 0.7459207540537437, 'mae': 0.561030940130615, 'r2': 0.5907517731217706, 'n_train': 3881, 'n_test': 971}, {'fold': 3, 'mse': 0.5430909395217007, 'rmse': 0.7369470398350894, 'mae': 0.5498995858729506, 'r2': 0.598559219185197, 'n_train': 3882, 'n_test': 970}, {'fold': 4, 'mse': 0.4839344390451974, 'rmse': 0.6956539650179516, 'mae': 0.5182622662064467, 'r2': 0.608755688654034, 'n_train': 3882, 'n_test': 970}, {'fold': 5, 'mse': 0.4658002800522716, 'rmse': 0.6824956263979071, 'mae': 0.5131491326002505, 'r2': 0.6598366085632035, 'n_train': 3882, 'n_test': 970}]",0.7127831387457391,0.6164761276548344,0.5330688002131425
CHRM1,1365,success,"[{'fold': 1, 'mse': 0.6451231189554768, 'rmse': 0.8031955670666246, 'mae': 0.5825509698178808, 'r2': 0.5786275524753698, 'n_train': 1092, 'n_test': 273}, {'fold': 2, 'mse': 0.6781602567007372, 'rmse': 0.8235048613704337, 'mae': 0.6007845403937522, 'r2': 0.6014829042142518, 'n_train': 1092, 'n_test': 273}, {'fold': 3, 'mse': 0.5734568987979081, 'rmse': 0.7572693700381048, 'mae': 0.5581227885092991, 'r2': 0.6720845563028328, 'n_train': 1092, 'n_test': 273}, {'fold': 4, 'mse': 0.5861271292797359, 'rmse': 0.7655893999264461, 'mae': 0.5710177742190731, 'r2': 0.682990774018247, 'n_train': 1092, 'n_test': 273}, {'fold': 5, 'mse': 0.62076800800847, 'rmse': 0.7878883220409286, 'mae': 0.5713485363611258, 'r2': 0.6259155864978958, 'n_train': 1092, 'n_test': 273}]",0.7874895040885075,0.6322202747017194,0.5767649218602262
CHRM2,856,success,"[{'fold': 1, 'mse': 0.6608190438750378, 'rmse': 0.8129077708295313, 'mae': 0.6303426717917855, 'r2': 0.6582150242412834, 'n_train': 684, 'n_test': 172}, {'fold': 2, 'mse': 0.5794753024960524, 'rmse': 0.761232751854551, 'mae': 0.5802561234131137, 'r2': 0.6718388973604172, 'n_train': 685, 'n_test': 171}, {'fold': 3, 'mse': 0.7751729029650933, 'rmse': 0.8804390398915153, 'mae': 0.6288519183021933, 'r2': 0.6016026016065682, 'n_train': 685, 'n_test': 171}, {'fold': 4, 'mse': 0.7333409005105163, 'rmse': 0.8563532568458628, 'mae': 0.669205660271636, 'r2': 0.6178681906231438, 'n_train': 685, 'n_test': 171}, {'fold': 5, 'mse': 0.520210940515824, 'rmse': 0.7212565011948412, 'mae': 0.5759757329029374, 'r2': 0.7357410843132535, 'n_train': 685, 'n_test': 171}]",0.8064378641232602,0.6570531596289332,0.6169264213363332
CHRM3,1302,success,"[{'fold': 1, 'mse': 0.694944416591033, 'rmse': 0.8336332626467307, 'mae': 0.6320082528763279, 'r2': 0.7019216282285211, 'n_train': 1041, 'n_test': 261}, {'fold': 2, 'mse': 0.6733854484434321, 'rmse': 0.8206006631994834, 'mae': 0.6208675420640445, 'r2': 0.7504941319079727, 'n_train': 1041, 'n_test': 261}, {'fold': 3, 'mse': 0.6421793486457279, 'rmse': 0.8013609353130011, 'mae': 0.5938648512741529, 'r2': 0.7173439332937284, 'n_train': 1042, 'n_test': 260}, {'fold': 4, 'mse': 0.6697271055365127, 'rmse': 0.8183685633848069, 'mae': 0.6167045091370883, 'r2': 0.7157322048512023, 'n_train': 1042, 'n_test': 260}, {'fold': 5, 'mse': 0.6009903666233178, 'rmse': 0.7752356845652281, 'mae': 0.5852327265720391, 'r2': 0.7696679733888641, 'n_train': 1042, 'n_test': 260}]",0.8098398218218501,0.7310319743340576,0.6097355763847305
CHRNA10,0,no_activities,,,,
CHRNA9,0,no_activities,,,,
CHRNA7,1617,success,"[{'fold': 1, 'mse': 0.5189862235544601, 'rmse': 0.7204069846652378, 'mae': 0.542991339018492, 'r2': 0.6458385329853733, 'n_train': 1293, 'n_test': 324}, {'fold': 2, 'mse': 0.5177955002991901, 'rmse': 0.719580086091319, 'mae': 0.5442086495243438, 'r2': 0.6636410627671371, 'n_train': 1293, 'n_test': 324}, {'fold': 3, 'mse': 0.6055811755737149, 'rmse': 0.7781909634361703, 'mae': 0.5816737699752947, 'r2': 0.5866130030691634, 'n_train': 1294, 'n_test': 323}, {'fold': 4, 'mse': 0.45606393537666173, 'rmse': 0.6753250590468725, 'mae': 0.5294975199228017, 'r2': 0.6950307758818874, 'n_train': 1294, 'n_test': 323}, {'fold': 5, 'mse': 0.5466116014988733, 'rmse': 0.7393318615472171, 'mae': 0.5685629849579387, 'r2': 0.6699828588716388, 'n_train': 1294, 'n_test': 323}]",0.7265669909573632,0.65222124671504,0.5533868526797742
CHRNA3,3,insufficient_data,[],,,
CHRNA5,0,no_activities,,,,
SMPDL3A,0,no_activities,,,,
GABPA,0,no_activities,,,,
HRH1,972,success,"[{'fold': 1, 'mse': 0.5094173281613366, 'rmse': 0.7137347743814481, 'mae': 0.4899512979039479, 'r2': 0.6411998895221929, 'n_train': 777, 'n_test': 195}, {'fold': 2, 'mse': 0.4487665163595938, 'rmse': 0.6699003779365957, 'mae': 0.4816408315018313, 'r2': 0.709650642754334, 'n_train': 777, 'n_test': 195}, {'fold': 3, 'mse': 0.40782538379871974, 'rmse': 0.6386120761453856, 'mae': 0.4736293981958768, 'r2': 0.6801801160391123, 'n_train': 778, 'n_test': 194}, {'fold': 4, 'mse': 0.5595150628651164, 'rmse': 0.748007394926759, 'mae': 0.5260572023809519, 'r2': 0.6568328812885336, 'n_train': 778, 'n_test': 194}, {'fold': 5, 'mse': 0.4144469883748614, 'rmse': 0.6437755729870941, 'mae': 0.4553140584192438, 'r2': 0.6843636978150871, 'n_train': 778, 'n_test': 194}]",0.6828060392754566,0.6744454454838518,0.48531855768037035
SLCO1B1,16,success,"[{'fold': 1, 'mse': 0.4294031996527806, 'rmse': 0.6552886384279684, 'mae': 0.4892791666666685, 'r2': -0.30299039626598523, 'n_train': 12, 'n_test': 4}, {'fold': 2, 'mse': 0.30484386268518454, 'rmse': 0.5521266726804498, 'mae': 0.4538166666666668, 'r2': 0.13052187036186313, 'n_train': 13, 'n_test': 3}, {'fold': 3, 'mse': 0.1740912096296284, 'rmse': 0.4172423871440058, 'mae': 0.4001333333333319, 'r2': 0.45295431919883467, 'n_train': 13, 'n_test': 3}, {'fold': 4, 'mse': 0.07814840787036982, 'rmse': 0.27955036732290267, 'mae': 0.23383888888888826, 'r2': -0.7651792466641463, 'n_train': 13, 'n_test': 3}, {'fold': 5, 'mse': 0.08156826425925892, 'rmse': 0.28560158308255035, 'mae': 0.24408888888888777, 'r2': 0.7374459046392836, 'n_train': 13, 'n_test': 3}]",0.43796192973157544,0.05055049025396998,0.3642313888888886
SLCO2B3,0,no_activities,,,,
SLCO2B1,33,success,"[{'fold': 1, 'mse': 0.3535859714285721, 'rmse': 0.5946309539778198, 'mae': 0.5229428571428577, 'r2': 0.280427921155586, 'n_train': 26, 'n_test': 7}, {'fold': 2, 'mse': 0.6650049714285737, 'rmse': 0.8154783696877396, 'mae': 0.593128571428573, 'r2': -0.4075091183966182, 'n_train': 26, 'n_test': 7}, {'fold': 3, 'mse': 0.40626008750000203, 'rmse': 0.6373853524360299, 'mae': 0.3656928571428593, 'r2': -0.4879764611239086, 'n_train': 26, 'n_test': 7}, {'fold': 4, 'mse': 0.2037366354166665, 'rmse': 0.45137194797269636, 'mae': 0.42344166666666555, 'r2': 0.10638560437150557, 'n_train': 27, 'n_test': 6}, {'fold': 5, 'mse': 0.40675646499999685, 'rmse': 0.6377746192817623, 'mae': 0.5945499999999977, 'r2': -0.025091897681444042, 'n_train': 27, 'n_test': 6}]",0.6273282486712095,-0.10675279033497584,0.49995119047619063
